-- phpMyAdmin SQL Dump
-- version 5.2.1
-- https://www.phpmyadmin.net/
--
-- Host: localhost
-- Waktu pembuatan: 09 Feb 2026 pada 10.36
-- Versi server: 10.4.28-MariaDB
-- Versi PHP: 8.2.4

SET SQL_MODE = "NO_AUTO_VALUE_ON_ZERO";
START TRANSACTION;
SET time_zone = "+00:00";


/*!40101 SET @OLD_CHARACTER_SET_CLIENT=@@CHARACTER_SET_CLIENT */;
/*!40101 SET @OLD_CHARACTER_SET_RESULTS=@@CHARACTER_SET_RESULTS */;
/*!40101 SET @OLD_COLLATION_CONNECTION=@@COLLATION_CONNECTION */;
/*!40101 SET NAMES utf8mb4 */;

--
-- Database: `steroid3`
--

-- --------------------------------------------------------

--
-- Struktur dari tabel `cache`
--

CREATE TABLE `cache` (
  `key` varchar(255) NOT NULL,
  `value` mediumtext NOT NULL,
  `expiration` int(11) NOT NULL
) ENGINE=InnoDB DEFAULT CHARSET=utf8mb4 COLLATE=utf8mb4_unicode_ci;

--
-- Dumping data untuk tabel `cache`
--

INSERT INTO `cache` (`key`, `value`, `expiration`) VALUES
('steroid3-cache-livewire-rate-limiter:16d36dff9abd246c67dfac3e63b993a169af77e6', 'i:1;', 1770627067),
('steroid3-cache-livewire-rate-limiter:16d36dff9abd246c67dfac3e63b993a169af77e6:timer', 'i:1770627067;', 1770627067),
('steroid3-cache-spatie.permission.cache', 'a:3:{s:5:\"alias\";a:4:{s:1:\"a\";s:2:\"id\";s:1:\"b\";s:4:\"name\";s:1:\"c\";s:10:\"guard_name\";s:1:\"r\";s:5:\"roles\";}s:11:\"permissions\";a:93:{i:0;a:4:{s:1:\"a\";i:1;s:1:\"b\";s:12:\"ViewAny:Role\";s:1:\"c\";s:3:\"web\";s:1:\"r\";a:1:{i:0;i:1;}}i:1;a:4:{s:1:\"a\";i:2;s:1:\"b\";s:9:\"View:Role\";s:1:\"c\";s:3:\"web\";s:1:\"r\";a:2:{i:0;i:1;i:1;i:2;}}i:2;a:4:{s:1:\"a\";i:3;s:1:\"b\";s:11:\"Create:Role\";s:1:\"c\";s:3:\"web\";s:1:\"r\";a:1:{i:0;i:1;}}i:3;a:4:{s:1:\"a\";i:4;s:1:\"b\";s:11:\"Update:Role\";s:1:\"c\";s:3:\"web\";s:1:\"r\";a:1:{i:0;i:1;}}i:4;a:4:{s:1:\"a\";i:5;s:1:\"b\";s:11:\"Delete:Role\";s:1:\"c\";s:3:\"web\";s:1:\"r\";a:1:{i:0;i:1;}}i:5;a:4:{s:1:\"a\";i:6;s:1:\"b\";s:12:\"Restore:Role\";s:1:\"c\";s:3:\"web\";s:1:\"r\";a:1:{i:0;i:1;}}i:6;a:4:{s:1:\"a\";i:7;s:1:\"b\";s:16:\"ForceDelete:Role\";s:1:\"c\";s:3:\"web\";s:1:\"r\";a:1:{i:0;i:1;}}i:7;a:4:{s:1:\"a\";i:8;s:1:\"b\";s:19:\"ForceDeleteAny:Role\";s:1:\"c\";s:3:\"web\";s:1:\"r\";a:1:{i:0;i:1;}}i:8;a:4:{s:1:\"a\";i:9;s:1:\"b\";s:15:\"RestoreAny:Role\";s:1:\"c\";s:3:\"web\";s:1:\"r\";a:1:{i:0;i:1;}}i:9;a:4:{s:1:\"a\";i:10;s:1:\"b\";s:14:\"Replicate:Role\";s:1:\"c\";s:3:\"web\";s:1:\"r\";a:1:{i:0;i:1;}}i:10;a:4:{s:1:\"a\";i:11;s:1:\"b\";s:12:\"Reorder:Role\";s:1:\"c\";s:3:\"web\";s:1:\"r\";a:1:{i:0;i:1;}}i:11;a:4:{s:1:\"a\";i:12;s:1:\"b\";s:14:\"ViewAny:Bidang\";s:1:\"c\";s:3:\"web\";s:1:\"r\";a:2:{i:0;i:1;i:1;i:2;}}i:12;a:4:{s:1:\"a\";i:13;s:1:\"b\";s:11:\"View:Bidang\";s:1:\"c\";s:3:\"web\";s:1:\"r\";a:3:{i:0;i:1;i:1;i:2;i:2;i:3;}}i:13;a:4:{s:1:\"a\";i:14;s:1:\"b\";s:12:\"ViewAny:Desa\";s:1:\"c\";s:3:\"web\";s:1:\"r\";a:2:{i:0;i:1;i:1;i:2;}}i:14;a:4:{s:1:\"a\";i:15;s:1:\"b\";s:9:\"View:Desa\";s:1:\"c\";s:3:\"web\";s:1:\"r\";a:2:{i:0;i:1;i:1;i:2;}}i:15;a:4:{s:1:\"a\";i:16;s:1:\"b\";s:17:\"ViewAny:Kecamatan\";s:1:\"c\";s:3:\"web\";s:1:\"r\";a:2:{i:0;i:1;i:1;i:2;}}i:16;a:4:{s:1:\"a\";i:17;s:1:\"b\";s:14:\"View:Kecamatan\";s:1:\"c\";s:3:\"web\";s:1:\"r\";a:2:{i:0;i:1;i:1;i:2;}}i:17;a:4:{s:1:\"a\";i:18;s:1:\"b\";s:17:\"ViewAny:Komoditas\";s:1:\"c\";s:3:\"web\";s:1:\"r\";a:2:{i:0;i:1;i:1;i:2;}}i:18;a:4:{s:1:\"a\";i:19;s:1:\"b\";s:14:\"ViewAny:Lokasi\";s:1:\"c\";s:3:\"web\";s:1:\"r\";a:2:{i:0;i:1;i:1;i:2;}}i:19;a:4:{s:1:\"a\";i:20;s:1:\"b\";s:11:\"View:Lokasi\";s:1:\"c\";s:3:\"web\";s:1:\"r\";a:3:{i:0;i:1;i:1;i:2;i:2;i:4;}}i:20;a:4:{s:1:\"a\";i:21;s:1:\"b\";s:15:\"ViewAny:Pemilik\";s:1:\"c\";s:3:\"web\";s:1:\"r\";a:2:{i:0;i:1;i:1;i:2;}}i:21;a:4:{s:1:\"a\";i:22;s:1:\"b\";s:12:\"View:Pemilik\";s:1:\"c\";s:3:\"web\";s:1:\"r\";a:2:{i:0;i:1;i:1;i:2;}}i:22;a:4:{s:1:\"a\";i:23;s:1:\"b\";s:13:\"Create:Bidang\";s:1:\"c\";s:3:\"web\";s:1:\"r\";a:1:{i:0;i:1;}}i:23;a:4:{s:1:\"a\";i:24;s:1:\"b\";s:13:\"Update:Bidang\";s:1:\"c\";s:3:\"web\";s:1:\"r\";a:1:{i:0;i:1;}}i:24;a:4:{s:1:\"a\";i:25;s:1:\"b\";s:13:\"Delete:Bidang\";s:1:\"c\";s:3:\"web\";s:1:\"r\";a:1:{i:0;i:1;}}i:25;a:4:{s:1:\"a\";i:26;s:1:\"b\";s:14:\"Restore:Bidang\";s:1:\"c\";s:3:\"web\";s:1:\"r\";a:1:{i:0;i:1;}}i:26;a:4:{s:1:\"a\";i:27;s:1:\"b\";s:18:\"ForceDelete:Bidang\";s:1:\"c\";s:3:\"web\";s:1:\"r\";a:1:{i:0;i:1;}}i:27;a:4:{s:1:\"a\";i:28;s:1:\"b\";s:21:\"ForceDeleteAny:Bidang\";s:1:\"c\";s:3:\"web\";s:1:\"r\";a:1:{i:0;i:1;}}i:28;a:4:{s:1:\"a\";i:29;s:1:\"b\";s:17:\"RestoreAny:Bidang\";s:1:\"c\";s:3:\"web\";s:1:\"r\";a:1:{i:0;i:1;}}i:29;a:4:{s:1:\"a\";i:30;s:1:\"b\";s:16:\"Replicate:Bidang\";s:1:\"c\";s:3:\"web\";s:1:\"r\";a:1:{i:0;i:1;}}i:30;a:4:{s:1:\"a\";i:31;s:1:\"b\";s:14:\"Reorder:Bidang\";s:1:\"c\";s:3:\"web\";s:1:\"r\";a:1:{i:0;i:1;}}i:31;a:4:{s:1:\"a\";i:32;s:1:\"b\";s:11:\"Create:Desa\";s:1:\"c\";s:3:\"web\";s:1:\"r\";a:1:{i:0;i:1;}}i:32;a:4:{s:1:\"a\";i:33;s:1:\"b\";s:11:\"Update:Desa\";s:1:\"c\";s:3:\"web\";s:1:\"r\";a:1:{i:0;i:1;}}i:33;a:4:{s:1:\"a\";i:34;s:1:\"b\";s:11:\"Delete:Desa\";s:1:\"c\";s:3:\"web\";s:1:\"r\";a:1:{i:0;i:1;}}i:34;a:4:{s:1:\"a\";i:35;s:1:\"b\";s:12:\"Restore:Desa\";s:1:\"c\";s:3:\"web\";s:1:\"r\";a:1:{i:0;i:1;}}i:35;a:4:{s:1:\"a\";i:36;s:1:\"b\";s:16:\"ForceDelete:Desa\";s:1:\"c\";s:3:\"web\";s:1:\"r\";a:1:{i:0;i:1;}}i:36;a:4:{s:1:\"a\";i:37;s:1:\"b\";s:19:\"ForceDeleteAny:Desa\";s:1:\"c\";s:3:\"web\";s:1:\"r\";a:1:{i:0;i:1;}}i:37;a:4:{s:1:\"a\";i:38;s:1:\"b\";s:15:\"RestoreAny:Desa\";s:1:\"c\";s:3:\"web\";s:1:\"r\";a:1:{i:0;i:1;}}i:38;a:4:{s:1:\"a\";i:39;s:1:\"b\";s:14:\"Replicate:Desa\";s:1:\"c\";s:3:\"web\";s:1:\"r\";a:1:{i:0;i:1;}}i:39;a:4:{s:1:\"a\";i:40;s:1:\"b\";s:12:\"Reorder:Desa\";s:1:\"c\";s:3:\"web\";s:1:\"r\";a:1:{i:0;i:1;}}i:40;a:4:{s:1:\"a\";i:41;s:1:\"b\";s:16:\"Create:Kecamatan\";s:1:\"c\";s:3:\"web\";s:1:\"r\";a:1:{i:0;i:1;}}i:41;a:4:{s:1:\"a\";i:42;s:1:\"b\";s:16:\"Update:Kecamatan\";s:1:\"c\";s:3:\"web\";s:1:\"r\";a:1:{i:0;i:1;}}i:42;a:4:{s:1:\"a\";i:43;s:1:\"b\";s:16:\"Delete:Kecamatan\";s:1:\"c\";s:3:\"web\";s:1:\"r\";a:1:{i:0;i:1;}}i:43;a:4:{s:1:\"a\";i:44;s:1:\"b\";s:17:\"Restore:Kecamatan\";s:1:\"c\";s:3:\"web\";s:1:\"r\";a:1:{i:0;i:1;}}i:44;a:4:{s:1:\"a\";i:45;s:1:\"b\";s:21:\"ForceDelete:Kecamatan\";s:1:\"c\";s:3:\"web\";s:1:\"r\";a:1:{i:0;i:1;}}i:45;a:4:{s:1:\"a\";i:46;s:1:\"b\";s:24:\"ForceDeleteAny:Kecamatan\";s:1:\"c\";s:3:\"web\";s:1:\"r\";a:1:{i:0;i:1;}}i:46;a:4:{s:1:\"a\";i:47;s:1:\"b\";s:20:\"RestoreAny:Kecamatan\";s:1:\"c\";s:3:\"web\";s:1:\"r\";a:1:{i:0;i:1;}}i:47;a:4:{s:1:\"a\";i:48;s:1:\"b\";s:19:\"Replicate:Kecamatan\";s:1:\"c\";s:3:\"web\";s:1:\"r\";a:1:{i:0;i:1;}}i:48;a:4:{s:1:\"a\";i:49;s:1:\"b\";s:17:\"Reorder:Kecamatan\";s:1:\"c\";s:3:\"web\";s:1:\"r\";a:1:{i:0;i:1;}}i:49;a:4:{s:1:\"a\";i:50;s:1:\"b\";s:14:\"View:Komoditas\";s:1:\"c\";s:3:\"web\";s:1:\"r\";a:4:{i:0;i:1;i:1;i:2;i:2;i:3;i:3;i:4;}}i:50;a:4:{s:1:\"a\";i:51;s:1:\"b\";s:16:\"Create:Komoditas\";s:1:\"c\";s:3:\"web\";s:1:\"r\";a:1:{i:0;i:1;}}i:51;a:4:{s:1:\"a\";i:52;s:1:\"b\";s:16:\"Update:Komoditas\";s:1:\"c\";s:3:\"web\";s:1:\"r\";a:1:{i:0;i:1;}}i:52;a:4:{s:1:\"a\";i:53;s:1:\"b\";s:16:\"Delete:Komoditas\";s:1:\"c\";s:3:\"web\";s:1:\"r\";a:1:{i:0;i:1;}}i:53;a:4:{s:1:\"a\";i:54;s:1:\"b\";s:17:\"Restore:Komoditas\";s:1:\"c\";s:3:\"web\";s:1:\"r\";a:1:{i:0;i:1;}}i:54;a:4:{s:1:\"a\";i:55;s:1:\"b\";s:21:\"ForceDelete:Komoditas\";s:1:\"c\";s:3:\"web\";s:1:\"r\";a:1:{i:0;i:1;}}i:55;a:4:{s:1:\"a\";i:56;s:1:\"b\";s:24:\"ForceDeleteAny:Komoditas\";s:1:\"c\";s:3:\"web\";s:1:\"r\";a:1:{i:0;i:1;}}i:56;a:4:{s:1:\"a\";i:57;s:1:\"b\";s:20:\"RestoreAny:Komoditas\";s:1:\"c\";s:3:\"web\";s:1:\"r\";a:1:{i:0;i:1;}}i:57;a:4:{s:1:\"a\";i:58;s:1:\"b\";s:19:\"Replicate:Komoditas\";s:1:\"c\";s:3:\"web\";s:1:\"r\";a:1:{i:0;i:1;}}i:58;a:4:{s:1:\"a\";i:59;s:1:\"b\";s:17:\"Reorder:Komoditas\";s:1:\"c\";s:3:\"web\";s:1:\"r\";a:1:{i:0;i:1;}}i:59;a:4:{s:1:\"a\";i:60;s:1:\"b\";s:13:\"Create:Lokasi\";s:1:\"c\";s:3:\"web\";s:1:\"r\";a:1:{i:0;i:1;}}i:60;a:4:{s:1:\"a\";i:61;s:1:\"b\";s:13:\"Update:Lokasi\";s:1:\"c\";s:3:\"web\";s:1:\"r\";a:1:{i:0;i:1;}}i:61;a:4:{s:1:\"a\";i:62;s:1:\"b\";s:13:\"Delete:Lokasi\";s:1:\"c\";s:3:\"web\";s:1:\"r\";a:1:{i:0;i:1;}}i:62;a:4:{s:1:\"a\";i:63;s:1:\"b\";s:14:\"Restore:Lokasi\";s:1:\"c\";s:3:\"web\";s:1:\"r\";a:1:{i:0;i:1;}}i:63;a:4:{s:1:\"a\";i:64;s:1:\"b\";s:18:\"ForceDelete:Lokasi\";s:1:\"c\";s:3:\"web\";s:1:\"r\";a:1:{i:0;i:1;}}i:64;a:4:{s:1:\"a\";i:65;s:1:\"b\";s:21:\"ForceDeleteAny:Lokasi\";s:1:\"c\";s:3:\"web\";s:1:\"r\";a:1:{i:0;i:1;}}i:65;a:4:{s:1:\"a\";i:66;s:1:\"b\";s:17:\"RestoreAny:Lokasi\";s:1:\"c\";s:3:\"web\";s:1:\"r\";a:1:{i:0;i:1;}}i:66;a:4:{s:1:\"a\";i:67;s:1:\"b\";s:16:\"Replicate:Lokasi\";s:1:\"c\";s:3:\"web\";s:1:\"r\";a:1:{i:0;i:1;}}i:67;a:4:{s:1:\"a\";i:68;s:1:\"b\";s:14:\"Reorder:Lokasi\";s:1:\"c\";s:3:\"web\";s:1:\"r\";a:1:{i:0;i:1;}}i:68;a:4:{s:1:\"a\";i:69;s:1:\"b\";s:14:\"Create:Pemilik\";s:1:\"c\";s:3:\"web\";s:1:\"r\";a:1:{i:0;i:1;}}i:69;a:4:{s:1:\"a\";i:70;s:1:\"b\";s:14:\"Update:Pemilik\";s:1:\"c\";s:3:\"web\";s:1:\"r\";a:1:{i:0;i:1;}}i:70;a:4:{s:1:\"a\";i:71;s:1:\"b\";s:14:\"Delete:Pemilik\";s:1:\"c\";s:3:\"web\";s:1:\"r\";a:1:{i:0;i:1;}}i:71;a:4:{s:1:\"a\";i:72;s:1:\"b\";s:15:\"Restore:Pemilik\";s:1:\"c\";s:3:\"web\";s:1:\"r\";a:1:{i:0;i:1;}}i:72;a:4:{s:1:\"a\";i:73;s:1:\"b\";s:19:\"ForceDelete:Pemilik\";s:1:\"c\";s:3:\"web\";s:1:\"r\";a:1:{i:0;i:1;}}i:73;a:4:{s:1:\"a\";i:74;s:1:\"b\";s:22:\"ForceDeleteAny:Pemilik\";s:1:\"c\";s:3:\"web\";s:1:\"r\";a:1:{i:0;i:1;}}i:74;a:4:{s:1:\"a\";i:75;s:1:\"b\";s:18:\"RestoreAny:Pemilik\";s:1:\"c\";s:3:\"web\";s:1:\"r\";a:1:{i:0;i:1;}}i:75;a:4:{s:1:\"a\";i:76;s:1:\"b\";s:17:\"Replicate:Pemilik\";s:1:\"c\";s:3:\"web\";s:1:\"r\";a:1:{i:0;i:1;}}i:76;a:4:{s:1:\"a\";i:77;s:1:\"b\";s:15:\"Reorder:Pemilik\";s:1:\"c\";s:3:\"web\";s:1:\"r\";a:1:{i:0;i:1;}}i:77;a:4:{s:1:\"a\";i:78;s:1:\"b\";s:14:\"ViewAny:Target\";s:1:\"c\";s:3:\"web\";s:1:\"r\";a:3:{i:0;i:2;i:1;i:3;i:2;i:5;}}i:78;a:4:{s:1:\"a\";i:79;s:1:\"b\";s:13:\"Create:Target\";s:1:\"c\";s:3:\"web\";s:1:\"r\";a:1:{i:0;i:5;}}i:79;a:4:{s:1:\"a\";i:80;s:1:\"b\";s:13:\"Delete:Target\";s:1:\"c\";s:3:\"web\";s:1:\"r\";a:1:{i:0;i:5;}}i:80;a:4:{s:1:\"a\";i:81;s:1:\"b\";s:11:\"View:Target\";s:1:\"c\";s:3:\"web\";s:1:\"r\";a:3:{i:0;i:2;i:1;i:3;i:2;i:5;}}i:81;a:4:{s:1:\"a\";i:82;s:1:\"b\";s:13:\"Update:Target\";s:1:\"c\";s:3:\"web\";s:1:\"r\";a:1:{i:0;i:5;}}i:82;a:4:{s:1:\"a\";i:83;s:1:\"b\";s:15:\"View:DataTeknis\";s:1:\"c\";s:3:\"web\";s:1:\"r\";a:3:{i:0;i:2;i:1;i:3;i:2;i:4;}}i:83;a:4:{s:1:\"a\";i:84;s:1:\"b\";s:17:\"Update:DataTeknis\";s:1:\"c\";s:3:\"web\";s:1:\"r\";a:1:{i:0;i:4;}}i:84;a:4:{s:1:\"a\";i:85;s:1:\"b\";s:17:\"Create:DataTeknis\";s:1:\"c\";s:3:\"web\";s:1:\"r\";a:1:{i:0;i:4;}}i:85;a:4:{s:1:\"a\";i:86;s:1:\"b\";s:18:\"ViewAny:DataTeknis\";s:1:\"c\";s:3:\"web\";s:1:\"r\";a:3:{i:0;i:2;i:1;i:3;i:2;i:4;}}i:86;a:4:{s:1:\"a\";i:87;s:1:\"b\";s:25:\"View:MasterKegiatanTeknis\";s:1:\"c\";s:3:\"web\";s:1:\"r\";a:2:{i:0;i:2;i:1;i:4;}}i:87;a:4:{s:1:\"a\";i:88;s:1:\"b\";s:18:\"View:ObjekProduksi\";s:1:\"c\";s:3:\"web\";s:1:\"r\";a:2:{i:0;i:2;i:1;i:4;}}i:88;a:4:{s:1:\"a\";i:89;s:1:\"b\";s:8:\"View:Upt\";s:1:\"c\";s:3:\"web\";s:1:\"r\";a:2:{i:0;i:2;i:1;i:3;}}i:89;a:4:{s:1:\"a\";i:90;s:1:\"b\";s:11:\"ViewAny:Upt\";s:1:\"c\";s:3:\"web\";s:1:\"r\";a:1:{i:0;i:2;}}i:90;a:4:{s:1:\"a\";i:91;s:1:\"b\";s:28:\"ViewAny:MasterKegiatanTeknis\";s:1:\"c\";s:3:\"web\";s:1:\"r\";a:1:{i:0;i:2;}}i:91;a:4:{s:1:\"a\";i:92;s:1:\"b\";s:21:\"ViewAny:ObjekProduksi\";s:1:\"c\";s:3:\"web\";s:1:\"r\";a:1:{i:0;i:2;}}i:92;a:4:{s:1:\"a\";i:93;s:1:\"b\";s:17:\"Delete:DataTeknis\";s:1:\"c\";s:3:\"web\";s:1:\"r\";a:1:{i:0;i:4;}}}s:5:\"roles\";a:5:{i:0;a:3:{s:1:\"a\";i:1;s:1:\"b\";s:11:\"super_admin\";s:1:\"c\";s:3:\"web\";}i:1;a:3:{s:1:\"a\";i:2;s:1:\"b\";s:12:\"kepala_dinas\";s:1:\"c\";s:3:\"web\";}i:2;a:3:{s:1:\"a\";i:3;s:1:\"b\";s:13:\"kepala_bidang\";s:1:\"c\";s:3:\"web\";}i:3;a:3:{s:1:\"a\";i:4;s:1:\"b\";s:3:\"upt\";s:1:\"c\";s:3:\"web\";}i:4;a:3:{s:1:\"a\";i:5;s:1:\"b\";s:11:\"perencanaan\";s:1:\"c\";s:3:\"web\";}}}', 1770708348);

-- --------------------------------------------------------

--
-- Struktur dari tabel `cache_locks`
--

CREATE TABLE `cache_locks` (
  `key` varchar(255) NOT NULL,
  `owner` varchar(255) NOT NULL,
  `expiration` int(11) NOT NULL
) ENGINE=InnoDB DEFAULT CHARSET=utf8mb4 COLLATE=utf8mb4_unicode_ci;

-- --------------------------------------------------------

--
-- Struktur dari tabel `data_teknis`
--

CREATE TABLE `data_teknis` (
  `id` bigint(20) UNSIGNED NOT NULL,
  `objek_produksi_id` bigint(20) UNSIGNED NOT NULL,
  `kegiatan_id` bigint(20) UNSIGNED NOT NULL,
  `tanggal` date NOT NULL,
  `nilai` decimal(12,2) DEFAULT NULL,
  `keterangan` text DEFAULT NULL,
  `created_at` timestamp NULL DEFAULT NULL,
  `updated_at` timestamp NULL DEFAULT NULL,
  `upt_id` bigint(20) UNSIGNED DEFAULT NULL
) ENGINE=InnoDB DEFAULT CHARSET=utf8mb4 COLLATE=utf8mb4_unicode_ci;

-- --------------------------------------------------------

--
-- Struktur dari tabel `desas`
--

CREATE TABLE `desas` (
  `id` bigint(20) UNSIGNED NOT NULL,
  `kecamatan_id` bigint(20) UNSIGNED NOT NULL,
  `nama` varchar(255) NOT NULL,
  `created_at` timestamp NULL DEFAULT NULL,
  `updated_at` timestamp NULL DEFAULT NULL
) ENGINE=InnoDB DEFAULT CHARSET=utf8mb4 COLLATE=utf8mb4_unicode_ci;

--
-- Dumping data untuk tabel `desas`
--

INSERT INTO `desas` (`id`, `kecamatan_id`, `nama`, `created_at`, `updated_at`) VALUES
(1, 1, 'Kota Kulon', '2029-01-25 17:00:00', '2030-01-25 17:00:00'),
(2, 1, 'Kota Wetan', '2030-01-25 17:00:00', '2030-01-25 17:00:00'),
(3, 1, 'Margawati', '2030-01-25 17:00:00', '2030-01-25 17:00:00'),
(4, 1, 'Pakuwon', '2030-01-25 17:00:00', '2030-01-25 17:00:00'),
(5, 1, 'Muara Sanding', '2030-01-25 17:00:00', '2030-01-25 17:00:00'),
(6, 1, 'Sukamentri', '2030-01-25 17:00:00', '2030-01-25 17:00:00'),
(7, 1, 'Ciwalen', '2030-01-25 17:00:00', '2030-01-25 17:00:00'),
(8, 1, 'Paminggir', '2030-01-25 17:00:00', '2030-01-25 17:00:00'),
(9, 1, 'Regol', '2030-01-25 17:00:00', '2030-01-25 17:00:00'),
(10, 1, 'Sukanegla', '2030-01-25 17:00:00', '2030-01-25 17:00:00'),
(11, 1, 'Cimuncang', '2030-01-25 17:00:00', '2030-01-25 17:00:00'),
(12, 2, 'Suci Kaler', '2030-01-25 17:00:00', '2030-01-25 17:00:00'),
(13, 2, 'Lebakjaya', '2030-01-25 17:00:00', '2030-01-25 17:00:00'),
(14, 2, 'Karangmulya', '2030-01-25 17:00:00', '2030-01-25 17:00:00'),
(15, 2, 'Lengkongjaya', '2030-01-25 17:00:00', '2030-01-25 17:00:00'),
(16, 2, 'Karangpawitan', '2030-01-25 17:00:00', '2030-01-25 17:00:00'),
(17, 2, 'Situgede', '2030-01-25 17:00:00', '2030-01-25 17:00:00'),
(18, 2, 'Cimurah', '2030-01-25 17:00:00', '2030-01-25 17:00:00'),
(19, 2, 'Suci', '2030-01-25 17:00:00', '2030-01-25 17:00:00'),
(20, 2, 'Jatisari', '2030-01-25 17:00:00', '2030-01-25 17:00:00'),
(21, 2, 'Godog', '2030-01-25 17:00:00', '2030-01-25 17:00:00'),
(22, 2, 'Situsari', '2030-01-25 17:00:00', '2030-01-25 17:00:00'),
(23, 2, 'Karangsari', '2030-01-25 17:00:00', '2030-01-25 17:00:00'),
(24, 2, 'Sindangpalay', '2030-01-25 17:00:00', '2030-01-25 17:00:00'),
(25, 2, 'Lebakagung', '2030-01-25 17:00:00', '2030-01-25 17:00:00'),
(26, 2, 'Sindanggalih', '2030-01-25 17:00:00', '2030-01-25 17:00:00'),
(27, 2, 'Mekarsari', '2030-01-25 17:00:00', '2030-01-25 17:00:00'),
(28, 2, 'Sindanglaya', '2030-01-25 17:00:00', '2030-01-25 17:00:00'),
(29, 2, 'Tanjungsari', '2030-01-25 17:00:00', '2030-01-25 17:00:00'),
(30, 2, 'Situsaeur', '2030-01-25 17:00:00', '2030-01-25 17:00:00'),
(31, 2, 'Situjaya', '2030-01-25 17:00:00', '2030-01-25 17:00:00'),
(32, 3, 'Wanaraja', '2030-01-25 17:00:00', '2030-01-25 17:00:00'),
(33, 3, 'Wanamekar', '2030-01-25 17:00:00', '2030-01-25 17:00:00'),
(34, 3, 'Cinunuk', '2030-01-25 17:00:00', '2030-01-25 17:00:00'),
(35, 3, 'Sukamenak', '2030-01-25 17:00:00', '2030-01-25 17:00:00'),
(36, 3, 'Sindangratu', '2030-01-25 17:00:00', '2030-01-25 17:00:00'),
(37, 3, 'Wanajaya', '2030-01-25 17:00:00', '2030-01-25 17:00:00'),
(38, 3, 'Sindangmekar', '2030-01-25 17:00:00', '2030-01-25 17:00:00'),
(39, 3, 'Wanasari', '2030-01-25 17:00:00', '2030-01-25 17:00:00'),
(40, 3, 'Sindangprabu', '2030-01-25 17:00:00', '2030-01-25 17:00:00'),
(81, 7, 'Samarang', '2030-01-25 17:00:00', '2030-01-25 17:00:00'),
(82, 7, 'Cintarakyat', '2030-01-25 17:00:00', '2030-01-25 17:00:00'),
(83, 7, 'Sukarasa', '2030-01-25 17:00:00', '2030-01-25 17:00:00'),
(84, 7, 'Parakan', '2030-01-25 17:00:00', '2030-01-25 17:00:00'),
(85, 7, 'Sukakarya', '2030-01-25 17:00:00', '2030-01-25 17:00:00'),
(86, 7, 'Cintakarya', '2030-01-25 17:00:00', '2030-01-25 17:00:00'),
(87, 7, 'Tanjung Karya', '2030-01-25 17:00:00', '2030-01-25 17:00:00'),
(88, 7, 'Cisarua', '2030-01-25 17:00:00', '2030-01-25 17:00:00'),
(89, 7, 'Cintarasa', '2030-01-25 17:00:00', '2030-01-25 17:00:00'),
(90, 7, 'Cintaasih', '2030-01-25 17:00:00', '2030-01-25 17:00:00'),
(91, 7, 'Sirnasari', '2030-01-25 17:00:00', '2030-01-25 17:00:00'),
(92, 7, 'Sukalaksana', '2030-01-25 17:00:00', '2030-01-25 17:00:00'),
(93, 7, 'Tanjunganom', '2030-01-25 17:00:00', '2030-01-25 17:00:00'),
(94, 8, 'Pasirwangi', '2030-01-25 17:00:00', '2030-01-25 17:00:00'),
(95, 8, 'Pasirkiamis', '2030-01-25 17:00:00', '2030-01-25 17:00:00'),
(96, 8, 'Padasuka', '2030-01-25 17:00:00', '2030-01-25 17:00:00'),
(97, 8, 'Karyamekar', '2030-01-25 17:00:00', '2030-01-25 17:00:00'),
(98, 8, 'Padawaas', '2030-01-25 17:00:00', '2030-01-25 17:00:00'),
(99, 8, 'Padaasih', '2030-01-25 17:00:00', '2030-01-25 17:00:00'),
(100, 8, 'Barusari', '2030-01-25 17:00:00', '2030-01-25 17:00:00'),
(101, 8, 'Talaga', '2030-01-25 17:00:00', '2030-01-25 17:00:00'),
(102, 8, 'Padamukti', '2030-01-25 17:00:00', '2030-01-25 17:00:00'),
(103, 8, 'Sirnajaya', '2030-01-25 17:00:00', '2030-01-25 17:00:00'),
(104, 8, 'Sarimukti', '2030-01-25 17:00:00', '2030-01-25 17:00:00'),
(105, 8, 'Padamulya', '2030-01-25 17:00:00', '2030-01-25 17:00:00'),
(106, 9, 'Leles', '2030-01-25 17:00:00', '2030-01-25 17:00:00'),
(107, 9, 'Ciburial', '2030-01-25 17:00:00', '2030-01-25 17:00:00'),
(108, 9, 'Jangkurang', '2030-01-25 17:00:00', '2030-01-25 17:00:00'),
(109, 9, 'Sukarame', '2030-01-25 17:00:00', '2030-01-25 17:00:00'),
(110, 9, 'Lembang', '2030-01-25 17:00:00', '2030-01-25 17:00:00'),
(111, 9, 'Cangkuang', '2030-01-25 17:00:00', '2030-01-25 17:00:00'),
(112, 9, 'Salamnunggal', '2030-01-25 17:00:00', '2030-01-25 17:00:00'),
(113, 9, 'Kandangmukti', '2030-01-25 17:00:00', '2030-01-25 17:00:00'),
(114, 9, 'Margaluyu', '2030-01-25 17:00:00', '2030-01-25 17:00:00'),
(115, 9, 'Cipancar', '2030-01-25 17:00:00', '2030-01-25 17:00:00'),
(116, 9, 'Haruman', '2030-01-25 17:00:00', '2030-01-25 17:00:00'),
(117, 9, 'Dano', '2030-01-25 17:00:00', '2030-01-25 17:00:00'),
(118, 10, 'Kadungora', '2030-01-25 17:00:00', '2030-01-25 17:00:00'),
(119, 10, 'Gandamekar', '2030-01-25 17:00:00', '2030-01-25 17:00:00'),
(120, 10, 'Cikembulan', '2030-01-25 17:00:00', '2030-01-25 17:00:00'),
(121, 10, 'Cisaat', '2030-01-25 17:00:00', '2030-01-25 17:00:00'),
(122, 10, 'Mandalasari', '2030-01-25 17:00:00', '2030-01-25 17:00:00'),
(123, 10, 'Tanggulun', '2030-01-25 17:00:00', '2030-01-25 17:00:00'),
(124, 10, 'Mekarbakti', '2030-01-25 17:00:00', '2030-01-25 17:00:00'),
(125, 10, 'Karangmulya', '2030-01-25 17:00:00', '2030-01-25 17:00:00'),
(126, 10, 'Harumansari', '2030-01-25 17:00:00', '2030-01-25 17:00:00'),
(127, 10, 'Talagasari', '2030-01-25 17:00:00', '2030-01-25 17:00:00'),
(128, 10, 'Hegarsari', '2030-01-25 17:00:00', '2030-01-25 17:00:00'),
(129, 10, 'Neglasari', '2030-01-25 17:00:00', '2030-01-25 17:00:00'),
(130, 10, 'Karangtengah', '2030-01-25 17:00:00', '2030-01-25 17:00:00'),
(131, 10, 'Rancasalak', '2030-01-25 17:00:00', '2030-01-25 17:00:00'),
(132, 11, 'Leuwigoong', '2030-01-25 17:00:00', '2030-01-25 17:00:00'),
(133, 11, 'Karanganyar', '2030-01-25 17:00:00', '2030-01-25 17:00:00'),
(134, 11, 'Margacinta', '2030-01-25 17:00:00', '2030-01-25 17:00:00'),
(135, 11, 'Margahayu', '2030-01-25 17:00:00', '2030-01-25 17:00:00'),
(136, 11, 'Dungusiku', '2030-01-25 17:00:00', '2030-01-25 17:00:00'),
(137, 11, 'Tambak Sari', '2030-01-25 17:00:00', '2030-01-25 17:00:00'),
(138, 11, 'Sindangsari', '2030-01-25 17:00:00', '2030-01-25 17:00:00'),
(139, 11, 'Karangsari', '2030-01-25 17:00:00', '2030-01-25 17:00:00'),
(140, 12, 'Cibatu', '2030-01-25 17:00:00', '2030-01-25 17:00:00'),
(141, 12, 'Mekarsari', '2030-01-25 17:00:00', '2030-01-25 17:00:00'),
(142, 12, 'Cibunar', '2030-01-25 17:00:00', '2030-01-25 17:00:00'),
(143, 12, 'Sindangsuka', '2030-01-25 17:00:00', '2030-01-25 17:00:00'),
(144, 12, 'Kertajaya', '2030-01-25 17:00:00', '2030-01-25 17:00:00'),
(145, 12, 'Sukalilah', '2030-01-25 17:00:00', '2030-01-25 17:00:00'),
(146, 12, 'Padasuka', '2030-01-25 17:00:00', '2030-01-25 17:00:00'),
(147, 12, 'Karyamukti', '2030-01-25 17:00:00', '2030-01-25 17:00:00'),
(148, 12, 'Girimukti', '2030-01-25 17:00:00', '2030-01-25 17:00:00'),
(149, 12, 'Keresek', '2030-01-25 17:00:00', '2030-01-25 17:00:00'),
(150, 12, 'Wanakerta', '2030-01-25 17:00:00', '2030-01-25 17:00:00'),
(151, 13, 'Kersamanah', '2030-01-25 17:00:00', '2030-01-25 17:00:00'),
(152, 13, 'Nanjungjaya', '2030-01-25 17:00:00', '2030-01-25 17:00:00'),
(153, 13, 'Sukamerang', '2030-01-25 17:00:00', '2030-01-25 17:00:00'),
(154, 13, 'Girijaya', '2030-01-25 17:00:00', '2030-01-25 17:00:00'),
(155, 13, 'Sukamaju', '2030-01-25 17:00:00', '2030-01-25 17:00:00'),
(156, 13, 'Mekarraya', '2030-01-25 17:00:00', '2030-01-25 17:00:00'),
(157, 14, 'Malangbong', '2030-01-25 17:00:00', '2030-01-25 17:00:00'),
(158, 14, 'Karangmulya', '2030-01-25 17:00:00', '2030-01-25 17:00:00'),
(159, 14, 'Cibunar', '2030-01-25 17:00:00', '2030-01-25 17:00:00'),
(160, 14, 'Cikarag', '2030-01-25 17:00:00', '2030-01-25 17:00:00'),
(161, 14, 'Sakawayana', '2030-01-25 17:00:00', '2030-01-25 17:00:00'),
(162, 14, 'Mekarasih', '2030-01-25 17:00:00', '2030-01-25 17:00:00'),
(163, 14, 'Cisitu', '2030-01-25 17:00:00', '2030-01-25 17:00:00'),
(164, 14, 'Campaka', '2030-01-25 17:00:00', '2030-01-25 17:00:00'),
(165, 14, 'Lewobaru', '2030-01-25 17:00:00', '2030-01-25 17:00:00'),
(166, 14, 'Sukamanah', '2030-01-25 17:00:00', '2030-01-25 17:00:00'),
(167, 14, 'Cilampuyang', '2030-01-25 17:00:00', '2030-01-25 17:00:00'),
(168, 14, 'Cinagara', '2030-01-25 17:00:00', '2030-01-25 17:00:00'),
(169, 14, 'Sukaratu', '2030-01-25 17:00:00', '2030-01-25 17:00:00'),
(170, 14, 'Citeras', '2030-01-25 17:00:00', '2030-01-25 17:00:00'),
(171, 14, 'Sukarasa', '2030-01-25 17:00:00', '2030-01-25 17:00:00'),
(172, 14, 'Sekarwangi', '2030-01-25 17:00:00', '2030-01-25 17:00:00'),
(173, 14, 'Kutanagara', '2030-01-25 17:00:00', '2030-01-25 17:00:00'),
(174, 14, 'Sanding', '2030-01-25 17:00:00', '2030-01-25 17:00:00'),
(175, 14, 'Cihaurkuning', '2030-01-25 17:00:00', '2030-01-25 17:00:00'),
(176, 14, 'Baru Dua', '2030-01-25 17:00:00', '2030-01-25 17:00:00'),
(177, 14, 'Sukajaya', '2030-01-25 17:00:00', '2030-01-25 17:00:00'),
(178, 14, 'Bunisari', '2030-01-25 17:00:00', '2030-01-25 17:00:00'),
(179, 14, 'Mekarmulya', '2030-01-25 17:00:00', '2030-01-25 17:00:00'),
(180, 14, 'Girimakmur', '2030-01-25 17:00:00', '2030-01-25 17:00:00'),
(181, 15, 'Sukawening', '2030-01-25 17:00:00', '2030-01-25 17:00:00'),
(182, 15, 'Sukamukti', '2030-01-25 17:00:00', '2030-01-25 17:00:00'),
(183, 15, 'Mekarluyu', '2030-01-25 17:00:00', '2030-01-25 17:00:00'),
(184, 15, 'Sukaluyu', '2030-01-25 17:00:00', '2030-01-25 17:00:00'),
(185, 15, 'Sudalarang', '2030-01-25 17:00:00', '2030-01-25 17:00:00'),
(186, 15, 'Sukasono', '2030-01-25 17:00:00', '2030-01-25 17:00:00'),
(187, 15, 'Sukahaji', '2030-01-25 17:00:00', '2030-01-25 17:00:00'),
(188, 15, 'Pasanggrahan', '2030-01-25 17:00:00', '2030-01-25 17:00:00'),
(189, 15, 'Maripari', '2030-01-25 17:00:00', '2030-01-25 17:00:00'),
(190, 15, 'Mekarwangi', '2030-01-25 17:00:00', '2030-01-25 17:00:00'),
(191, 15, 'Mekar Hurip', '2030-01-25 17:00:00', '2030-01-25 17:00:00'),
(192, 16, 'Caringin', '2030-01-25 17:00:00', '2030-01-25 17:00:00'),
(193, 16, 'Cintamanik', '2030-01-25 17:00:00', '2030-01-25 17:00:00'),
(194, 16, 'Cinta', '2030-01-25 17:00:00', '2030-01-25 17:00:00'),
(195, 16, 'Sindanggalih', '2030-01-25 17:00:00', '2030-01-25 17:00:00'),
(196, 17, 'Bayongbong', '2030-01-25 17:00:00', '2030-01-25 17:00:00'),
(197, 17, 'Panembong', '2030-01-25 17:00:00', '2030-01-25 17:00:00'),
(198, 17, 'Hegarmanah', '2030-01-25 17:00:00', '2030-01-25 17:00:00'),
(199, 17, 'Salakuray', '2030-01-25 17:00:00', '2030-01-25 17:00:00'),
(200, 17, 'Karyajaya', '2030-01-25 17:00:00', '2030-01-25 17:00:00'),
(201, 17, 'Mulyasari', '2030-01-25 17:00:00', '2030-01-25 17:00:00'),
(202, 17, 'Pamalayan', '2030-01-25 17:00:00', '2030-01-25 17:00:00'),
(203, 17, 'Mekarsari', '2030-01-25 17:00:00', '2030-01-25 17:00:00'),
(204, 17, 'Ciburuy', '2030-01-25 17:00:00', '2030-01-25 17:00:00'),
(205, 17, 'Ciela', '2030-01-25 17:00:00', '2030-01-25 17:00:00'),
(206, 17, 'Cikedokan', '2030-01-25 17:00:00', '2030-01-25 17:00:00'),
(207, 17, 'Banjarsari', '2030-01-25 17:00:00', '2030-01-25 17:00:00'),
(208, 17, 'Sukasenang', '2030-01-25 17:00:00', '2030-01-25 17:00:00'),
(209, 17, 'Mekarjaya', '2030-01-25 17:00:00', '2030-01-25 17:00:00'),
(210, 17, 'Sirnagalih', '2030-01-25 17:00:00', '2030-01-25 17:00:00'),
(211, 17, 'Sukarame', '2030-01-25 17:00:00', '2030-01-25 17:00:00'),
(212, 17, 'Cinisti', '2030-01-25 17:00:00', '2030-01-25 17:00:00'),
(213, 17, 'Sukamanah', '2030-01-25 17:00:00', '2030-01-25 17:00:00'),
(214, 19, 'Cigedug', '2030-01-25 17:00:00', '2030-01-25 17:00:00'),
(215, 19, 'Barusuda', '2030-01-25 17:00:00', '2030-01-25 17:00:00'),
(216, 19, 'Sukahurip', '2030-01-25 17:00:00', '2030-01-25 17:00:00'),
(217, 19, 'Sindangsari', '2030-01-25 17:00:00', '2030-01-25 17:00:00'),
(218, 19, 'Cintanagara', '2030-01-25 17:00:00', '2030-01-25 17:00:00'),
(219, 20, 'Cilawu', '2030-01-25 17:00:00', '2030-01-25 17:00:00'),
(220, 20, 'Sukamukti', '2030-01-25 17:00:00', '2030-01-25 17:00:00'),
(221, 20, 'Karyamekar', '2030-01-25 17:00:00', '2030-01-25 17:00:00'),
(222, 20, 'dawungsari', '2030-01-25 17:00:00', '2030-01-25 17:00:00'),
(223, 20, 'Pasanggrahan', '2030-01-25 17:00:00', '2030-01-25 17:00:00'),
(224, 20, 'Sukahati', '2030-01-25 17:00:00', '2030-01-25 17:00:00'),
(225, 20, 'Mekarsari', '2030-01-25 17:00:00', '2030-01-25 17:00:00'),
(226, 20, 'Mekarmukti', '2030-01-25 17:00:00', '2030-01-25 17:00:00'),
(227, 20, 'Desakolot', '2030-01-25 17:00:00', '2030-01-25 17:00:00'),
(228, 20, 'Ngamplangsari', '2030-01-25 17:00:00', '2030-01-25 17:00:00'),
(229, 20, 'Margalaksana', '2030-01-25 17:00:00', '2030-01-25 17:00:00'),
(230, 20, 'Dangiang', '2030-01-25 17:00:00', '2030-01-25 17:00:00'),
(231, 20, 'Dayeuhmanggung', '2030-01-25 17:00:00', '2030-01-25 17:00:00'),
(232, 20, 'Sukamaju', '2030-01-25 17:00:00', '2030-01-25 17:00:00'),
(233, 20, 'Mangkurakyat', '2030-01-25 17:00:00', '2030-01-25 17:00:00'),
(234, 20, 'Ngamplang', '2030-01-25 17:00:00', '2030-01-25 17:00:00'),
(235, 20, 'Sukatani', '2030-01-25 17:00:00', '2030-01-25 17:00:00'),
(236, 20, 'Sukamurni', '2030-01-25 17:00:00', '2030-01-25 17:00:00'),
(237, 21, 'Cisurupan', '2030-01-25 17:00:00', '2030-01-25 17:00:00'),
(238, 21, 'Cidatar', '2030-01-25 17:00:00', '2030-01-25 17:00:00'),
(239, 21, 'Sukawangi', '2030-01-25 17:00:00', '2030-01-25 17:00:00'),
(240, 21, 'Sukatani', '2030-01-25 17:00:00', '2030-01-25 17:00:00'),
(241, 21, 'Situsari', '2030-01-25 17:00:00', '2030-01-25 17:00:00'),
(242, 21, 'Pakuwon', '2030-01-25 17:00:00', '2030-01-25 17:00:00'),
(243, 21, 'Balewangi', '2030-01-25 17:00:00', '2030-01-25 17:00:00'),
(244, 21, 'Sirnajaya', '2030-01-25 17:00:00', '2030-01-25 17:00:00'),
(245, 21, 'Cisero', '2030-01-25 17:00:00', '2030-01-25 17:00:00'),
(246, 21, 'Karamatwangi', '2030-01-25 17:00:00', '2030-01-25 17:00:00'),
(247, 21, 'Cipaganti', '2030-01-25 17:00:00', '2030-01-25 17:00:00'),
(248, 21, 'Pamulihan', '2030-01-25 17:00:00', '2030-01-25 17:00:00'),
(249, 21, 'Tambakbaya', '2030-01-25 17:00:00', '2030-01-25 17:00:00'),
(250, 21, 'Sirnagalih', '2030-01-25 17:00:00', '2030-01-25 17:00:00'),
(251, 21, 'Pangauban', '2030-01-25 17:00:00', '2030-01-25 17:00:00'),
(252, 21, 'Simpangsari', '2030-01-25 17:00:00', '2030-01-25 17:00:00'),
(253, 21, 'Cintaasih', '2030-01-25 17:00:00', '2030-01-25 17:00:00'),
(254, 22, 'Sukaresmi', '2030-01-25 17:00:00', '2030-01-25 17:00:00'),
(255, 22, 'Cintadamai', '2030-01-25 17:00:00', '2030-01-25 17:00:00'),
(256, 22, 'Mekarjaya', '2030-01-25 17:00:00', '2030-01-25 17:00:00'),
(257, 22, 'Sukajaya', '2030-01-25 17:00:00', '2030-01-25 17:00:00'),
(258, 22, 'Sukamulya', '2030-01-25 17:00:00', '2030-01-25 17:00:00'),
(259, 22, 'Padamukti', '2030-01-25 17:00:00', '2030-01-25 17:00:00'),
(260, 22, 'Sukalilah', '2030-01-25 17:00:00', '2030-01-25 17:00:00'),
(261, 23, 'Cikajang', '2030-01-25 17:00:00', '2030-01-25 17:00:00'),
(262, 23, 'Simpang', '2030-01-25 17:00:00', '2030-01-25 17:00:00'),
(263, 23, 'Mekarsari', '2030-01-25 17:00:00', '2030-01-25 17:00:00'),
(264, 23, 'Girijaya', '2030-01-25 17:00:00', '2030-01-25 17:00:00'),
(265, 23, 'Giriawas', '2030-01-25 17:00:00', '2030-01-25 17:00:00'),
(266, 23, 'Cibodas', '2030-01-25 17:00:00', '2030-01-25 17:00:00'),
(267, 23, 'Mekarjaya', '2030-01-25 17:00:00', '2030-01-25 17:00:00'),
(268, 23, 'Cikandang', '2030-01-25 17:00:00', '2030-01-25 17:00:00'),
(269, 23, 'Padasuka', '2030-01-25 17:00:00', '2030-01-25 17:00:00'),
(270, 23, 'Margamulya', '2030-01-25 17:00:00', '2030-01-25 17:00:00'),
(271, 23, 'Cipangramatan', '2030-01-25 17:00:00', '2030-01-25 17:00:00'),
(272, 23, 'Karamatwangi', '2030-01-25 17:00:00', '2030-01-25 17:00:00'),
(273, 24, 'Banjarwangi', '2030-01-25 17:00:00', '2030-01-25 17:00:00'),
(274, 24, 'Talagajaya', '2030-01-25 17:00:00', '2030-01-25 17:00:00'),
(275, 24, 'Padahurip', '2030-01-25 17:00:00', '2030-01-25 17:00:00'),
(276, 24, 'Kadongdong', '2030-01-25 17:00:00', '2030-01-25 17:00:00'),
(277, 24, 'Talagasari', '2030-01-25 17:00:00', '2030-01-25 17:00:00'),
(278, 24, 'Jayabakti', '2030-01-25 17:00:00', '2030-01-25 17:00:00'),
(279, 24, 'Mulyajaya', '2030-01-25 17:00:00', '2030-01-25 17:00:00'),
(280, 24, 'Dangiang', '2030-01-25 17:00:00', '2030-01-25 17:00:00'),
(281, 24, 'Tanjungjaya', '2030-01-25 17:00:00', '2030-01-25 17:00:00'),
(282, 24, 'Bojong', '2030-01-25 17:00:00', '2030-01-25 17:00:00'),
(283, 24, 'Wangunjaya', '2030-01-25 17:00:00', '2030-01-25 17:00:00'),
(284, 25, 'Singajaya', '2030-01-25 17:00:00', '2030-01-25 17:00:00'),
(285, 25, 'Ciudian', '2030-01-25 17:00:00', '2030-01-25 17:00:00'),
(286, 25, 'Mekartani', '2030-01-25 17:00:00', '2030-01-25 17:00:00'),
(287, 25, 'Sukamulya', '2030-01-25 17:00:00', '2030-01-25 17:00:00'),
(288, 25, 'Sukawangi', '2030-01-25 17:00:00', '2030-01-25 17:00:00'),
(289, 25, 'Pancasura', '2030-01-25 17:00:00', '2030-01-25 17:00:00'),
(290, 25, 'Karangagung', '2030-01-25 17:00:00', '2030-01-25 17:00:00'),
(291, 25, 'Cigintung', '2030-01-25 17:00:00', '2030-01-25 17:00:00'),
(292, 25, 'Girimukti', '2030-01-25 17:00:00', '2030-01-25 17:00:00'),
(293, 26, 'Cihurip', '2030-01-25 17:00:00', '2030-01-25 17:00:00'),
(294, 26, 'Cisangkal', '2030-01-25 17:00:00', '2030-01-25 17:00:00'),
(295, 26, 'Mekarwangi', '2030-01-25 17:00:00', '2030-01-25 17:00:00'),
(296, 26, 'Jayamukti', '2030-01-25 17:00:00', '2030-01-25 17:00:00'),
(297, 27, 'Peundeuy', '2030-01-25 17:00:00', '2030-01-25 17:00:00'),
(298, 27, 'Toblong', '2030-01-25 17:00:00', '2030-01-25 17:00:00'),
(299, 27, 'Saribakti', '2030-01-25 17:00:00', '2030-01-25 17:00:00'),
(300, 27, 'Pangrumasan', '2030-01-25 17:00:00', '2030-01-25 17:00:00'),
(301, 27, 'Sukanagara', '2030-01-25 17:00:00', '2030-01-25 17:00:00'),
(302, 27, 'Purwajaya', '2030-01-25 17:00:00', '2030-01-25 17:00:00'),
(303, 28, 'Pameungpeuk', '2030-01-25 17:00:00', '2030-01-25 17:00:00'),
(304, 28, 'Mancagahar', '2030-01-25 17:00:00', '2030-01-25 17:00:00'),
(305, 28, 'Paas', '2030-01-25 17:00:00', '2030-01-25 17:00:00'),
(306, 28, 'Mandalakasih', '2030-01-25 17:00:00', '2030-01-25 17:00:00'),
(307, 28, 'Jatimulya', '2030-01-25 17:00:00', '2030-01-25 17:00:00'),
(308, 28, 'Bojong Kaler', '2030-01-25 17:00:00', '2030-01-25 17:00:00'),
(309, 28, 'Sirnabakti', '2030-01-25 17:00:00', '2030-01-25 17:00:00'),
(310, 28, 'Bojong Kidul', '2030-01-25 17:00:00', '2030-01-25 17:00:00'),
(311, 29, 'Cisompet', '2030-01-25 17:00:00', '2030-01-25 17:00:00'),
(312, 29, 'Cihaurkuning', '2030-01-25 17:00:00', '2030-01-25 17:00:00'),
(313, 29, 'Margamulya', '2030-01-25 17:00:00', '2030-01-25 17:00:00'),
(314, 29, 'Sukamukti', '2030-01-25 17:00:00', '2030-01-25 17:00:00'),
(315, 29, 'Sukanagara', '2030-01-25 17:00:00', '2030-01-25 17:00:00'),
(316, 29, 'Cikondang', '2030-01-25 17:00:00', '2030-01-25 17:00:00'),
(317, 29, 'Depok', '2030-01-25 17:00:00', '2030-01-25 17:00:00'),
(318, 29, 'Panyindangan', '2030-01-25 17:00:00', '2030-01-25 17:00:00'),
(319, 29, 'Jatisari', '2030-01-25 17:00:00', '2030-01-25 17:00:00'),
(320, 29, 'Neglasari', '2030-01-25 17:00:00', '2030-01-25 17:00:00'),
(321, 29, 'Sindangsari', '2030-01-25 17:00:00', '2030-01-25 17:00:00'),
(322, 30, 'Karyasari', '2030-01-25 17:00:00', '2030-01-25 17:00:00'),
(323, 30, 'Maroko', '2030-01-25 17:00:00', '2030-01-25 17:00:00'),
(324, 30, 'Sancang', '2030-01-25 17:00:00', '2030-01-25 17:00:00'),
(325, 30, 'Karyamukti', '2030-01-25 17:00:00', '2030-01-25 17:00:00'),
(326, 30, 'Sagara', '2030-01-25 17:00:00', '2030-01-25 17:00:00'),
(327, 30, 'Mekarsari', '2030-01-25 17:00:00', '2030-01-25 17:00:00'),
(328, 30, 'Simpang', '2030-01-25 17:00:00', '2030-01-25 17:00:00'),
(329, 30, 'Mekar Mukti', '2030-01-25 17:00:00', '2030-01-25 17:00:00'),
(330, 30, 'Cigaronggong', '2030-01-25 17:00:00', '2030-01-25 17:00:00'),
(331, 30, 'Mekarwangi', '2030-01-25 17:00:00', '2030-01-25 17:00:00'),
(332, 30, 'Najaten', '2030-01-25 17:00:00', '2030-01-25 17:00:00'),
(333, 31, 'Cikelet', '2030-01-25 17:00:00', '2030-01-25 17:00:00'),
(334, 31, 'Linggamanik', '2030-01-25 17:00:00', '2030-01-25 17:00:00'),
(335, 31, 'Kertamukti', '2030-01-25 17:00:00', '2030-01-25 17:00:00'),
(336, 31, 'Cigadog', '2030-01-25 17:00:00', '2030-01-25 17:00:00'),
(337, 31, 'Pamalayan', '2030-01-25 17:00:00', '2030-01-25 17:00:00'),
(338, 31, 'Karangsari', '2030-01-25 17:00:00', '2030-01-25 17:00:00'),
(339, 31, 'Cijambe', '2030-01-25 17:00:00', '2030-01-25 17:00:00'),
(340, 31, 'Girimukti', '2030-01-25 17:00:00', '2030-01-25 17:00:00'),
(341, 31, 'Ciroyom', '2030-01-25 17:00:00', '2030-01-25 17:00:00'),
(342, 31, 'Awassagara', '2030-01-25 17:00:00', '2030-01-25 17:00:00'),
(343, 31, 'Tipar', '2030-01-25 17:00:00', '2030-01-25 17:00:00'),
(344, 32, 'Bungbulang', '2030-01-25 17:00:00', '2030-01-25 17:00:00'),
(345, 32, 'Hanjuang', '2030-01-25 17:00:00', '2030-01-25 17:00:00'),
(346, 32, 'Gunamekar', '2030-01-25 17:00:00', '2030-01-25 17:00:00'),
(347, 32, 'Tegallega', '2030-01-25 17:00:00', '2030-01-25 17:00:00'),
(348, 32, 'Mekarbakti', '2030-01-25 17:00:00', '2030-01-25 17:00:00'),
(349, 32, 'Margalaksana', '2030-01-25 17:00:00', '2030-01-25 17:00:00'),
(350, 32, 'Bojong', '2030-01-25 17:00:00', '2030-01-25 17:00:00'),
(351, 32, 'Sinarjaya', '2030-01-25 17:00:00', '2030-01-25 17:00:00'),
(352, 32, 'Mekarjaya', '2030-01-25 17:00:00', '2030-01-25 17:00:00'),
(353, 32, 'Cihikeu', '2030-01-25 17:00:00', '2030-01-25 17:00:00'),
(354, 32, 'Wangunjaya', '2030-01-25 17:00:00', '2030-01-25 17:00:00'),
(355, 32, 'Gunung Jampang', '2030-01-25 17:00:00', '2030-01-25 17:00:00'),
(356, 32, 'Hegarmanah', '2030-01-25 17:00:00', '2030-01-25 17:00:00'),
(357, 33, 'Mekarmukti', '2030-01-25 17:00:00', '2030-01-25 17:00:00'),
(358, 33, 'Karangwangi', '2030-01-25 17:00:00', '2030-01-25 17:00:00'),
(359, 33, 'Jayabaya', '2030-01-25 17:00:00', '2030-01-25 17:00:00'),
(360, 33, 'Cijayana', '2030-01-25 17:00:00', '2030-01-25 17:00:00'),
(361, 33, 'Mekarsari', '2030-01-25 17:00:00', '2030-01-25 17:00:00'),
(362, 34, 'Neglasari', '2030-01-25 17:00:00', '2030-01-25 17:00:00'),
(363, 34, 'Tanjungjaya', '2030-01-25 17:00:00', '2030-01-25 17:00:00'),
(364, 34, 'Tanjungmulya', '2030-01-25 17:00:00', '2030-01-25 17:00:00'),
(365, 34, 'Wangunjaya', '2030-01-25 17:00:00', '2030-01-25 17:00:00'),
(366, 34, 'Sukamulya', '2030-01-25 17:00:00', '2030-01-25 17:00:00'),
(367, 34, 'Pasirlangu', '2030-01-25 17:00:00', '2030-01-25 17:00:00'),
(368, 34, 'Talagawangi', '2030-01-25 17:00:00', '2030-01-25 17:00:00'),
(369, 34, 'Jatiwangi', '2030-01-25 17:00:00', '2030-01-25 17:00:00'),
(370, 34, 'Panyindangan', '2030-01-25 17:00:00', '2030-01-25 17:00:00'),
(371, 34, 'Tegalgede', '2030-01-25 17:00:00', '2030-01-25 17:00:00'),
(372, 34, 'Depok', '2030-01-25 17:00:00', '2030-01-25 17:00:00'),
(373, 34, 'Karangsari', '2030-01-25 17:00:00', '2030-01-25 17:00:00'),
(374, 34, 'Jayamekar', '2030-01-25 17:00:00', '2030-01-25 17:00:00'),
(375, 35, 'Pakenjeng', '2030-01-25 17:00:00', '2030-01-25 17:00:00'),
(376, 35, 'Garumukti', '2030-01-25 17:00:00', '2030-01-25 17:00:00'),
(377, 35, 'Panawa', '2030-01-25 17:00:00', '2030-01-25 17:00:00'),
(378, 35, 'Pananjung', '2030-01-25 17:00:00', '2030-01-25 17:00:00'),
(379, 35, 'Linggarjati', '2030-01-25 17:00:00', '2030-01-25 17:00:00'),
(380, 36, 'Cisewu', '2030-01-25 17:00:00', '2030-01-25 17:00:00'),
(381, 36, 'Girimukti', '2030-01-25 17:00:00', '2030-01-25 17:00:00'),
(382, 36, 'Pamalayan', '2030-01-25 17:00:00', '2030-01-25 17:00:00'),
(383, 36, 'Cikarang', '2030-01-25 17:00:00', '2030-01-25 17:00:00'),
(384, 36, 'Sukajaya', '2030-01-25 17:00:00', '2030-01-25 17:00:00'),
(385, 36, 'Nyalindung', '2030-01-25 17:00:00', '2030-01-25 17:00:00'),
(386, 36, 'Karangsewu', '2030-01-25 17:00:00', '2030-01-25 17:00:00'),
(387, 36, 'Mekarsewu', '2030-01-25 17:00:00', '2030-01-25 17:00:00'),
(388, 36, 'Panggalih', '2030-01-25 17:00:00', '2030-01-25 17:00:00'),
(389, 37, 'Caringin', '2030-01-25 17:00:00', '2030-01-25 17:00:00'),
(390, 37, 'Indralayang', '2030-01-25 17:00:00', '2030-01-25 17:00:00'),
(391, 37, 'Cimahi', '2030-01-25 17:00:00', '2030-01-25 17:00:00'),
(392, 37, 'Sukarame', '2030-01-25 17:00:00', '2030-01-25 17:00:00'),
(393, 37, 'Purbayani', '2030-01-25 17:00:00', '2030-01-25 17:00:00'),
(394, 37, 'Samuderajaya', '2030-01-25 17:00:00', '2030-01-25 17:00:00'),
(395, 38, 'Sukamaju', '2030-01-25 17:00:00', '2030-01-25 17:00:00'),
(396, 38, 'Sukamulya', '2030-01-25 17:00:00', '2030-01-25 17:00:00'),
(397, 38, 'Mekarmukti', '2030-01-25 17:00:00', '2030-01-25 17:00:00'),
(398, 38, 'Mekarmulya', '2030-01-25 17:00:00', '2030-01-25 17:00:00'),
(399, 38, 'Sukalaksana', '2030-01-25 17:00:00', '2030-01-25 17:00:00'),
(400, 38, 'Selaawi', '2030-01-25 17:00:00', '2030-01-25 17:00:00'),
(401, 38, 'Mekarwangi', '2030-01-25 17:00:00', '2030-01-25 17:00:00'),
(402, 39, 'Limbangan Tengah', '2030-01-25 17:00:00', '2030-01-25 17:00:00'),
(403, 39, 'Limbangan Barat', '2030-01-25 17:00:00', '2030-01-25 17:00:00'),
(404, 39, 'Galihpakuwon', '2030-01-25 17:00:00', '2030-01-25 17:00:00'),
(405, 39, 'Surabaya', '2030-01-25 17:00:00', '2030-01-25 17:00:00'),
(406, 39, 'Cijolang', '2030-01-25 17:00:00', '2030-01-25 17:00:00'),
(407, 39, 'Neglasari', '2030-01-25 17:00:00', '2030-01-25 17:00:00'),
(408, 39, 'Simpen Kaler', '2030-01-25 17:00:00', '2030-01-25 17:00:00'),
(409, 39, 'Pasirwaru', '2030-01-25 17:00:00', '2030-01-25 17:00:00'),
(410, 39, 'Simpen Kidul', '2030-01-25 17:00:00', '2030-01-25 17:00:00'),
(411, 39, 'Ciwangi', '2030-01-25 17:00:00', '2030-01-25 17:00:00'),
(412, 39, 'Cigagade', '2030-01-25 17:00:00', '2030-01-25 17:00:00'),
(413, 39, 'Limbangan Timur', '2030-01-25 17:00:00', '2030-01-25 17:00:00'),
(414, 39, 'Dunguswiru', '2030-01-25 17:00:00', '2030-01-25 17:00:00'),
(415, 39, 'Pangeureunan', '2030-01-25 17:00:00', '2030-01-25 17:00:00'),
(416, 40, 'Selaawi', '2030-01-25 17:00:00', '2030-01-25 17:00:00'),
(417, 40, 'Putrajawa', '2030-01-25 17:00:00', '2030-01-25 17:00:00'),
(418, 40, 'Cigawir', '2030-01-25 17:00:00', '2030-01-25 17:00:00'),
(419, 40, 'Pelitaasih', '2030-01-25 17:00:00', '2030-01-25 17:00:00'),
(420, 40, 'Cirapuhan', '2030-01-25 17:00:00', '2030-01-25 17:00:00'),
(421, 40, 'Mekarsari', '2030-01-25 17:00:00', '2030-01-25 17:00:00'),
(422, 40, 'Samida', '2030-01-25 17:00:00', '2030-01-25 17:00:00'),
(423, 41, 'Cipareuan', '2030-01-25 17:00:00', '2030-01-25 17:00:00'),
(424, 41, 'Cibiuk Kaler', '2030-01-25 17:00:00', '2030-01-25 17:00:00'),
(425, 41, 'Cibiuk Kidul', '2030-01-25 17:00:00', '2030-01-25 17:00:00'),
(426, 41, 'Majasari', '2030-01-25 17:00:00', '2030-01-25 17:00:00'),
(427, 41, 'Lingkungpasir', '2030-01-25 17:00:00', '2030-01-25 17:00:00'),
(428, 42, 'Citangtu', '2030-01-25 17:00:00', '2030-01-25 17:00:00'),
(429, 42, 'Cimaragas', '2030-01-25 17:00:00', '2030-01-25 17:00:00'),
(430, 42, 'Babakan Loa', '2030-01-25 17:00:00', '2030-01-25 17:00:00'),
(431, 42, 'Sukahurip', '2030-01-25 17:00:00', '2030-01-25 17:00:00'),
(432, 42, 'Sukamulya', '2030-01-25 17:00:00', '2030-01-25 17:00:00'),
(433, 42, 'Cihuni', '2030-01-25 17:00:00', '2030-01-25 17:00:00'),
(434, 42, 'Sukarasa', '2030-01-25 17:00:00', '2030-01-25 17:00:00'),
(435, 42, 'Karangsari', '2030-01-25 17:00:00', '2030-01-25 17:00:00'),
(436, 43, 'Sadang', '2030-01-25 17:00:00', '2030-01-25 17:00:00'),
(437, 43, 'Sukaratu', '2030-01-25 17:00:00', '2030-01-25 17:00:00'),
(438, 43, 'Tenjonagara', '2030-01-25 17:00:00', '2030-01-25 17:00:00'),
(439, 43, 'Tegalpanjang', '2030-01-25 17:00:00', '2030-01-25 17:00:00'),
(440, 43, 'Cigadog', '2030-01-25 17:00:00', '2030-01-25 17:00:00'),
(441, 43, 'Linggamukti', '2030-01-25 17:00:00', '2030-01-25 17:00:00'),
(442, 43, 'Sukalaksana', '2030-01-25 17:00:00', '2030-01-25 17:00:00');

-- --------------------------------------------------------

--
-- Struktur dari tabel `jenis_ternaks`
--

CREATE TABLE `jenis_ternaks` (
  `id` bigint(20) UNSIGNED NOT NULL,
  `nama` varchar(255) NOT NULL,
  `created_at` timestamp NULL DEFAULT NULL,
  `updated_at` timestamp NULL DEFAULT NULL
) ENGINE=InnoDB DEFAULT CHARSET=utf8mb4 COLLATE=utf8mb4_unicode_ci;

-- --------------------------------------------------------

--
-- Struktur dari tabel `kecamatans`
--

CREATE TABLE `kecamatans` (
  `id` bigint(20) UNSIGNED NOT NULL,
  `nama` varchar(255) NOT NULL,
  `created_at` timestamp NULL DEFAULT NULL,
  `updated_at` timestamp NULL DEFAULT NULL
) ENGINE=InnoDB DEFAULT CHARSET=utf8mb4 COLLATE=utf8mb4_unicode_ci;

--
-- Dumping data untuk tabel `kecamatans`
--

INSERT INTO `kecamatans` (`id`, `nama`, `created_at`, `updated_at`) VALUES
(1, 'Garut Kota', NULL, NULL),
(2, 'Karangpawitan', NULL, NULL),
(3, 'Wanaraja', NULL, NULL),
(7, 'Tarogong Kaler', '2026-01-31 23:05:37', '2026-01-31 23:05:37'),
(8, 'Tarogong Kidul', '2026-01-31 23:05:42', '2026-01-31 23:05:42'),
(9, 'Banyuresmi', '2026-01-31 23:05:54', '2026-01-31 23:05:54'),
(10, 'Samarang', '2026-01-31 23:06:01', '2026-01-31 23:06:01'),
(11, 'Pasirwangi', '2026-01-31 23:06:09', '2026-01-31 23:06:09'),
(12, 'Leles', '2026-01-31 23:06:17', '2026-01-31 23:06:17'),
(13, 'Kadungora', '2026-01-31 23:06:22', '2026-01-31 23:06:22'),
(14, 'Leuwigoong', '2026-01-31 23:06:30', '2026-01-31 23:06:30'),
(15, 'CIbatu', '2026-01-31 23:06:35', '2026-01-31 23:06:35'),
(16, 'Kersamanah', '2026-01-31 23:06:40', '2026-01-31 23:06:40'),
(17, 'Malangbong', '2026-01-31 23:06:56', '2026-01-31 23:06:56'),
(18, 'Sukawening', '2026-01-31 23:07:01', '2026-01-31 23:07:01'),
(19, 'Karangtengah', '2026-01-31 23:07:11', '2026-01-31 23:07:11'),
(20, 'Bayongbong', '2026-01-31 23:07:16', '2026-01-31 23:07:16'),
(21, 'CIgedug', '2026-01-31 23:07:24', '2026-01-31 23:07:24'),
(22, 'Cilawu', '2026-01-31 23:07:36', '2026-01-31 23:07:36'),
(23, 'Cisurupan', '2026-01-31 23:07:45', '2026-01-31 23:07:45'),
(24, 'Sukaresmi', '2026-01-31 23:07:53', '2026-01-31 23:07:53'),
(25, 'Cikajang', '2026-01-31 23:07:57', '2026-01-31 23:07:57'),
(26, 'Banjarwangi', '2026-01-31 23:08:07', '2026-01-31 23:08:07'),
(27, 'Singajaya', '2026-01-31 23:08:12', '2026-01-31 23:08:12'),
(28, 'Cihurip', '2026-01-31 23:08:23', '2026-01-31 23:08:23'),
(29, 'Peundeuy', '2026-01-31 23:08:31', '2026-01-31 23:08:31'),
(30, 'Pameungpeuk', '2026-01-31 23:08:37', '2026-01-31 23:08:37'),
(31, 'Cisompet', '2026-01-31 23:08:42', '2026-01-31 23:08:42'),
(32, 'Cibalong', '2026-01-31 23:08:50', '2026-01-31 23:08:50'),
(33, 'Cikelet', '2026-01-31 23:08:53', '2026-01-31 23:08:53'),
(34, 'Bungbulang', '2026-01-31 23:08:59', '2026-01-31 23:08:59'),
(35, 'Mekarmukti', '2026-01-31 23:09:04', '2026-01-31 23:09:04'),
(36, 'Pakenjeng', '2026-01-31 23:09:11', '2026-01-31 23:09:11'),
(37, 'Pamulihan', '2026-01-31 23:09:22', '2026-01-31 23:09:22'),
(38, 'Cisewu', '2026-01-31 23:09:27', '2026-01-31 23:09:27'),
(39, 'Caringin', '2026-01-31 23:09:36', '2026-01-31 23:09:36'),
(40, 'Talegong', '2026-01-31 23:09:43', '2026-01-31 23:09:43'),
(41, 'Bl. Limbangan', '2026-01-31 23:09:50', '2026-01-31 23:09:50'),
(42, 'Selaawi', '2026-01-31 23:09:54', '2026-01-31 23:09:54'),
(43, 'Cibiuk', '2026-01-31 23:09:58', '2026-01-31 23:09:58'),
(44, 'Pangatikan', '2026-01-31 23:10:06', '2026-01-31 23:10:06'),
(45, 'Sucinaraja', '2026-01-31 23:10:14', '2026-01-31 23:10:14');

-- --------------------------------------------------------

--
-- Struktur dari tabel `komoditas`
--

CREATE TABLE `komoditas` (
  `id` bigint(20) UNSIGNED NOT NULL,
  `master_bidang_id` bigint(20) UNSIGNED NOT NULL,
  `kode` varchar(255) NOT NULL,
  `nama` varchar(255) NOT NULL,
  `satuan_default` varchar(255) NOT NULL,
  `is_individual` tinyint(1) NOT NULL DEFAULT 0,
  `is_active` tinyint(1) NOT NULL DEFAULT 1,
  `created_at` timestamp NULL DEFAULT NULL,
  `updated_at` timestamp NULL DEFAULT NULL
) ENGINE=InnoDB DEFAULT CHARSET=utf8mb4 COLLATE=utf8mb4_unicode_ci;

-- --------------------------------------------------------

--
-- Struktur dari tabel `lokasis`
--

CREATE TABLE `lokasis` (
  `id` bigint(20) UNSIGNED NOT NULL,
  `desa_id` bigint(20) UNSIGNED NOT NULL,
  `nama` varchar(255) NOT NULL,
  `keterangan` text DEFAULT NULL,
  `created_at` timestamp NULL DEFAULT NULL,
  `updated_at` timestamp NULL DEFAULT NULL
) ENGINE=InnoDB DEFAULT CHARSET=utf8mb4 COLLATE=utf8mb4_unicode_ci;

--
-- Dumping data untuk tabel `lokasis`
--

INSERT INTO `lokasis` (`id`, `desa_id`, `nama`, `keterangan`, `created_at`, `updated_at`) VALUES
(1, 1, 'pager ageung', NULL, '2026-01-31 23:19:40', '2026-01-31 23:19:40');

-- --------------------------------------------------------

--
-- Struktur dari tabel `master_bidang`
--

CREATE TABLE `master_bidang` (
  `id` bigint(20) UNSIGNED NOT NULL,
  `nama` varchar(255) NOT NULL,
  `created_at` timestamp NULL DEFAULT NULL,
  `updated_at` timestamp NULL DEFAULT NULL
) ENGINE=InnoDB DEFAULT CHARSET=utf8mb4 COLLATE=utf8mb4_unicode_ci;

--
-- Dumping data untuk tabel `master_bidang`
--

INSERT INTO `master_bidang` (`id`, `nama`, `created_at`, `updated_at`) VALUES
(1, 'Peternakan', NULL, NULL),
(2, 'Perikanan Budidaya', NULL, NULL),
(3, 'Perikanan Tangkap', NULL, NULL),
(4, 'Kesehatan Hewan', NULL, '2026-01-29 15:48:32');

-- --------------------------------------------------------

--
-- Struktur dari tabel `master_kegiatan_teknis`
--

CREATE TABLE `master_kegiatan_teknis` (
  `id` bigint(20) UNSIGNED NOT NULL,
  `bidang_id` bigint(20) UNSIGNED DEFAULT NULL,
  `nama` varchar(255) NOT NULL,
  `tipe` varchar(255) NOT NULL DEFAULT 'produksi',
  `created_at` timestamp NULL DEFAULT NULL,
  `updated_at` timestamp NULL DEFAULT NULL
) ENGINE=InnoDB DEFAULT CHARSET=utf8mb4 COLLATE=utf8mb4_unicode_ci;

--
-- Dumping data untuk tabel `master_kegiatan_teknis`
--

INSERT INTO `master_kegiatan_teknis` (`id`, `bidang_id`, `nama`, `tipe`, `created_at`, `updated_at`) VALUES
(1, 1, 'Penimbangan', 'produksi', NULL, NULL),
(2, 4, 'Vaksinasi', 'produksi', NULL, NULL),
(3, 1, 'Kelahiran', 'produksi', NULL, NULL),
(4, 1, 'Kematian', 'produksi', NULL, NULL),
(5, 1, 'Panen', 'produksi', NULL, NULL),
(6, 2, 'tebar benih', 'produksi', '2026-02-03 05:56:28', '2026-02-03 05:56:28');

-- --------------------------------------------------------

--
-- Struktur dari tabel `migrations`
--

CREATE TABLE `migrations` (
  `id` int(10) UNSIGNED NOT NULL,
  `migration` varchar(255) NOT NULL,
  `batch` int(11) NOT NULL
) ENGINE=InnoDB DEFAULT CHARSET=utf8mb4 COLLATE=utf8mb4_unicode_ci;

--
-- Dumping data untuk tabel `migrations`
--

INSERT INTO `migrations` (`id`, `migration`, `batch`) VALUES
(1, '2026_01_29_100835_create_users_table', 1),
(2, '2026_01_29_100848_create_password_reset_tokens_table', 1),
(3, '2026_01_29_100858_create_sessions_table', 1),
(4, '2026_01_29_100923_create_kecamatans_table', 1),
(5, '2026_01_29_101015_create_desas_table', 1),
(6, '2026_01_29_101038_create_master_bidang_table', 1),
(7, '2026_01_29_101102_create_komoditas_table', 1),
(8, '2026_01_29_101015_pemilik', 2),
(9, '2026_01_29_103431_create_objek_produksis_table', 2),
(10, '2026_01_29_105956_create_cache_table', 3),
(11, '2026_01_29_110432_create_permission_tables', 4),
(12, '2026_01_29_225546_create_lokasis_table', 5),
(13, '2026_01_29_230652_create_master_kegiatan_teknis_table', 6),
(14, '2026_01_29_230754_create_data_teknis_table', 6),
(15, '2026_01_29_232834_create_targets_table', 7),
(16, '2026_01_30_000812_add_kegiatan_to_targets_table', 8),
(17, '2026_01_30_010834_add_nama_to_objek_produksis_table', 9),
(18, '2026_01_30_020933_create_upts_table', 10),
(19, '2026_01_30_021013_add_upt_id_to_objek_produksis_table', 11),
(20, '2026_01_30_024905_make_nama_nullable_on_objek_produksis', 12),
(25, '2026_01_30_081136_add_populasi_awal_to_objek_produksis_table', 13),
(26, '2026_01_30_081823_add_tipe_to_master_kegiatan_teknis_table', 13),
(27, '2026_02_02_102701_alter_upts_table_add_jenis_upt', 13),
(28, '2026_02_03_001216_add_upt_id_to_data_teknis_table', 14),
(30, '2026_02_03_095705_add_bidang_id_to_users_table', 15),
(31, '2026_02_03_125139_add_bidang_id_to_master_kegiatan_teknis_table', 16),
(32, '2026_01_29_014832_create_jenis_ternaks_table', 17),
(33, '2026_02_06_224230_create_unit_layanans_table', 17),
(34, '2026_02_06_230401_add_unit_layanan_id_to_objek_produksis_table', 18),
(35, '2026_02_06_232108_create_unit_layanan_kecamatan_table', 19);

-- --------------------------------------------------------

--
-- Struktur dari tabel `model_has_permissions`
--

CREATE TABLE `model_has_permissions` (
  `permission_id` bigint(20) UNSIGNED NOT NULL,
  `model_type` varchar(255) NOT NULL,
  `model_id` bigint(20) UNSIGNED NOT NULL
) ENGINE=InnoDB DEFAULT CHARSET=utf8mb4 COLLATE=utf8mb4_unicode_ci;

-- --------------------------------------------------------

--
-- Struktur dari tabel `model_has_roles`
--

CREATE TABLE `model_has_roles` (
  `role_id` bigint(20) UNSIGNED NOT NULL,
  `model_type` varchar(255) NOT NULL,
  `model_id` bigint(20) UNSIGNED NOT NULL
) ENGINE=InnoDB DEFAULT CHARSET=utf8mb4 COLLATE=utf8mb4_unicode_ci;

--
-- Dumping data untuk tabel `model_has_roles`
--

INSERT INTO `model_has_roles` (`role_id`, `model_type`, `model_id`) VALUES
(1, 'App\\Models\\User', 2),
(2, 'App\\Models\\User', 3),
(3, 'App\\Models\\User', 4),
(3, 'App\\Models\\User', 8),
(3, 'App\\Models\\User', 12),
(4, 'App\\Models\\User', 5),
(4, 'App\\Models\\User', 6),
(4, 'App\\Models\\User', 7),
(4, 'App\\Models\\User', 10),
(4, 'App\\Models\\User', 11),
(5, 'App\\Models\\User', 9);

-- --------------------------------------------------------

--
-- Struktur dari tabel `objek_produksis`
--

CREATE TABLE `objek_produksis` (
  `id` bigint(20) UNSIGNED NOT NULL,
  `nama` varchar(255) DEFAULT NULL,
  `pemilik_id` bigint(20) UNSIGNED NOT NULL,
  `komoditas_id` bigint(20) UNSIGNED NOT NULL,
  `kode_identitas` varchar(255) DEFAULT NULL,
  `jumlah` int(11) NOT NULL DEFAULT 1,
  `populasi_awal` int(11) NOT NULL DEFAULT 0,
  `created_at` timestamp NULL DEFAULT NULL,
  `updated_at` timestamp NULL DEFAULT NULL,
  `upt_id` bigint(20) UNSIGNED DEFAULT NULL,
  `unit_layanan_id` bigint(20) UNSIGNED DEFAULT NULL
) ENGINE=InnoDB DEFAULT CHARSET=utf8mb4 COLLATE=utf8mb4_unicode_ci;

-- --------------------------------------------------------

--
-- Struktur dari tabel `password_reset_tokens`
--

CREATE TABLE `password_reset_tokens` (
  `id` bigint(20) UNSIGNED NOT NULL,
  `created_at` timestamp NULL DEFAULT NULL,
  `updated_at` timestamp NULL DEFAULT NULL
) ENGINE=InnoDB DEFAULT CHARSET=utf8mb4 COLLATE=utf8mb4_unicode_ci;

-- --------------------------------------------------------

--
-- Struktur dari tabel `pemiliks`
--

CREATE TABLE `pemiliks` (
  `id` bigint(20) UNSIGNED NOT NULL,
  `nama` varchar(255) NOT NULL,
  `alamat` text DEFAULT NULL,
  `desa_id` bigint(20) UNSIGNED DEFAULT NULL,
  `no_hp` varchar(255) DEFAULT NULL,
  `created_at` timestamp NULL DEFAULT NULL,
  `updated_at` timestamp NULL DEFAULT NULL
) ENGINE=InnoDB DEFAULT CHARSET=utf8mb4 COLLATE=utf8mb4_unicode_ci;

--
-- Dumping data untuk tabel `pemiliks`
--

INSERT INTO `pemiliks` (`id`, `nama`, `alamat`, `desa_id`, `no_hp`, `created_at`, `updated_at`) VALUES
(1, 'pemilik 1', 'alamat pemilik 1', 1, '0892', '2026-01-29 19:31:23', '2026-01-29 19:31:23'),
(2, 'Bridgette Klein', '54618 Eveline Inlet Suite 913\nWest Coralie, NJ 64402', 2, '+1.901.606.3795', '2026-01-30 23:48:07', '2026-01-30 23:48:07'),
(3, 'Magdalena VonRueden', '37927 Kessler Ranch\nBergnaumland, NY 08398', 10, '1-623-403-2149', '2026-01-30 23:48:07', '2026-01-30 23:48:07'),
(4, 'Arnaldo Hayes DDS', '61090 Brekke Forge\nMonteberg, IN 32003', 10, '+1.251.287.0093', '2026-01-30 23:48:07', '2026-01-30 23:48:07'),
(5, 'Mr. Franz Stehr PhD', '694 Ashlynn Estate\nMetafurt, OR 11149-7144', 6, '1-641-233-3484', '2026-01-30 23:48:07', '2026-01-30 23:48:07'),
(6, 'Mrs. Daphnee Williamson', '28013 Koepp Locks\nBartholomemouth, VA 51702-9831', 10, '+16782172797', '2026-01-30 23:48:07', '2026-01-30 23:48:07'),
(7, 'Ms. Mable Shields', '213 Brisa Street Apt. 523\nSouth Rowan, NM 52891-3904', 4, '1-802-495-1884', '2026-01-30 23:48:07', '2026-01-30 23:48:07'),
(8, 'Patricia Miller PhD', '38699 Williamson Greens\nWest Pietrohaven, MT 84632-3135', 9, '630-726-7630', '2026-01-30 23:48:07', '2026-01-30 23:48:07'),
(9, 'Kelley Boehm', '7106 Mann Loop Suite 336\nPort Norenefurt, OH 98562', 9, '1-330-248-3417', '2026-01-30 23:48:07', '2026-01-30 23:48:07'),
(10, 'Dr. Marlon Jacobs Jr.', '323 Markus Plaza\nWalkerchester, CT 24125', 1, '985-851-7797', '2026-01-30 23:48:07', '2026-01-30 23:48:07'),
(11, 'Benny Dicki', '535 Keegan Locks\nLake Burdettechester, WV 82447', 8, '(858) 409-2337', '2026-01-30 23:48:07', '2026-01-30 23:48:07'),
(12, 'Urban Nolan', '22481 King Prairie\nLake Kristian, AL 35626', 5, '(239) 786-4160', '2026-01-30 23:48:07', '2026-01-30 23:48:07'),
(13, 'Consuelo Goyette', '79247 Tad Freeway\nLake Alana, NE 83406-5238', 3, '+14794389052', '2026-01-30 23:48:07', '2026-01-30 23:48:07'),
(14, 'Leonie Jakubowski', '20350 Irma Prairie\nNew Jerel, MT 69931-7405', 7, '501.786.4155', '2026-01-30 23:48:07', '2026-01-30 23:48:07'),
(15, 'Dr. Maxime Altenwerth', '40417 Kshlerin Falls Apt. 853\nWest Newell, CA 67023-8142', 9, '475-773-5617', '2026-01-30 23:48:07', '2026-01-30 23:48:07'),
(16, 'Ms. Amina Skiles', '70425 Koch Dale\nStrosinstad, RI 59997', 4, '458-640-3559', '2026-01-30 23:48:07', '2026-01-30 23:48:07'),
(17, 'Matteo Daugherty', '9339 Jessyca Skyway\nPort Daisychester, NV 39335-0025', 3, '520-285-8739', '2026-01-30 23:48:07', '2026-01-30 23:48:07'),
(18, 'Anita Kshlerin', '21015 Della Mountains\nTedport, PA 06707', 7, '702.413.4022', '2026-01-30 23:48:07', '2026-01-30 23:48:07'),
(19, 'Mertie Harvey', '877 Lloyd Summit\nThoraborough, WV 67143', 1, '+1 (458) 479-5690', '2026-01-30 23:48:07', '2026-01-30 23:48:07'),
(20, 'Lloyd Lesch', '626 O\'Connell Passage Apt. 516\nNorth Daphney, TX 13060-9841', 2, '+1-859-903-3113', '2026-01-30 23:48:07', '2026-01-30 23:48:07'),
(21, 'Miss Reina Schuster DVM', '399 Tromp Pines Suite 501\nCrawfordview, IN 85505-3362', 7, '(317) 241-0421', '2026-01-30 23:48:07', '2026-01-30 23:48:07');

-- --------------------------------------------------------

--
-- Struktur dari tabel `permissions`
--

CREATE TABLE `permissions` (
  `id` bigint(20) UNSIGNED NOT NULL,
  `name` varchar(255) NOT NULL,
  `guard_name` varchar(255) NOT NULL,
  `created_at` timestamp NULL DEFAULT NULL,
  `updated_at` timestamp NULL DEFAULT NULL
) ENGINE=InnoDB DEFAULT CHARSET=utf8mb4 COLLATE=utf8mb4_unicode_ci;

--
-- Dumping data untuk tabel `permissions`
--

INSERT INTO `permissions` (`id`, `name`, `guard_name`, `created_at`, `updated_at`) VALUES
(1, 'ViewAny:Role', 'web', '2026-01-29 04:26:39', '2026-01-29 04:26:39'),
(2, 'View:Role', 'web', '2026-01-29 04:26:39', '2026-01-29 04:26:39'),
(3, 'Create:Role', 'web', '2026-01-29 04:26:39', '2026-01-29 04:26:39'),
(4, 'Update:Role', 'web', '2026-01-29 04:26:39', '2026-01-29 04:26:39'),
(5, 'Delete:Role', 'web', '2026-01-29 04:26:39', '2026-01-29 04:26:39'),
(6, 'Restore:Role', 'web', '2026-01-29 04:26:39', '2026-01-29 04:26:39'),
(7, 'ForceDelete:Role', 'web', '2026-01-29 04:26:39', '2026-01-29 04:26:39'),
(8, 'ForceDeleteAny:Role', 'web', '2026-01-29 04:26:39', '2026-01-29 04:26:39'),
(9, 'RestoreAny:Role', 'web', '2026-01-29 04:26:39', '2026-01-29 04:26:39'),
(10, 'Replicate:Role', 'web', '2026-01-29 04:26:39', '2026-01-29 04:26:39'),
(11, 'Reorder:Role', 'web', '2026-01-29 04:26:39', '2026-01-29 04:26:39'),
(12, 'ViewAny:Bidang', 'web', '2026-01-29 15:39:23', '2026-01-29 15:39:23'),
(13, 'View:Bidang', 'web', '2026-01-29 15:39:23', '2026-01-29 15:39:23'),
(14, 'ViewAny:Desa', 'web', '2026-01-29 15:39:23', '2026-01-29 15:39:23'),
(15, 'View:Desa', 'web', '2026-01-29 15:39:23', '2026-01-29 15:39:23'),
(16, 'ViewAny:Kecamatan', 'web', '2026-01-29 15:39:23', '2026-01-29 15:39:23'),
(17, 'View:Kecamatan', 'web', '2026-01-29 15:39:23', '2026-01-29 15:39:23'),
(18, 'ViewAny:Komoditas', 'web', '2026-01-29 15:39:23', '2026-01-29 15:39:23'),
(19, 'ViewAny:Lokasi', 'web', '2026-01-29 15:39:23', '2026-01-29 15:39:23'),
(20, 'View:Lokasi', 'web', '2026-01-29 15:39:23', '2026-01-29 15:39:23'),
(21, 'ViewAny:Pemilik', 'web', '2026-01-29 15:39:23', '2026-01-29 15:39:23'),
(22, 'View:Pemilik', 'web', '2026-01-29 15:39:23', '2026-01-29 15:39:23'),
(23, 'Create:Bidang', 'web', '2026-01-29 15:40:19', '2026-01-29 15:40:19'),
(24, 'Update:Bidang', 'web', '2026-01-29 15:40:19', '2026-01-29 15:40:19'),
(25, 'Delete:Bidang', 'web', '2026-01-29 15:40:19', '2026-01-29 15:40:19'),
(26, 'Restore:Bidang', 'web', '2026-01-29 15:40:19', '2026-01-29 15:40:19'),
(27, 'ForceDelete:Bidang', 'web', '2026-01-29 15:40:19', '2026-01-29 15:40:19'),
(28, 'ForceDeleteAny:Bidang', 'web', '2026-01-29 15:40:19', '2026-01-29 15:40:19'),
(29, 'RestoreAny:Bidang', 'web', '2026-01-29 15:40:19', '2026-01-29 15:40:19'),
(30, 'Replicate:Bidang', 'web', '2026-01-29 15:40:19', '2026-01-29 15:40:19'),
(31, 'Reorder:Bidang', 'web', '2026-01-29 15:40:19', '2026-01-29 15:40:19'),
(32, 'Create:Desa', 'web', '2026-01-29 15:40:19', '2026-01-29 15:40:19'),
(33, 'Update:Desa', 'web', '2026-01-29 15:40:19', '2026-01-29 15:40:19'),
(34, 'Delete:Desa', 'web', '2026-01-29 15:40:19', '2026-01-29 15:40:19'),
(35, 'Restore:Desa', 'web', '2026-01-29 15:40:19', '2026-01-29 15:40:19'),
(36, 'ForceDelete:Desa', 'web', '2026-01-29 15:40:19', '2026-01-29 15:40:19'),
(37, 'ForceDeleteAny:Desa', 'web', '2026-01-29 15:40:19', '2026-01-29 15:40:19'),
(38, 'RestoreAny:Desa', 'web', '2026-01-29 15:40:19', '2026-01-29 15:40:19'),
(39, 'Replicate:Desa', 'web', '2026-01-29 15:40:19', '2026-01-29 15:40:19'),
(40, 'Reorder:Desa', 'web', '2026-01-29 15:40:19', '2026-01-29 15:40:19'),
(41, 'Create:Kecamatan', 'web', '2026-01-29 15:40:19', '2026-01-29 15:40:19'),
(42, 'Update:Kecamatan', 'web', '2026-01-29 15:40:19', '2026-01-29 15:40:19'),
(43, 'Delete:Kecamatan', 'web', '2026-01-29 15:40:19', '2026-01-29 15:40:19'),
(44, 'Restore:Kecamatan', 'web', '2026-01-29 15:40:19', '2026-01-29 15:40:19'),
(45, 'ForceDelete:Kecamatan', 'web', '2026-01-29 15:40:19', '2026-01-29 15:40:19'),
(46, 'ForceDeleteAny:Kecamatan', 'web', '2026-01-29 15:40:19', '2026-01-29 15:40:19'),
(47, 'RestoreAny:Kecamatan', 'web', '2026-01-29 15:40:19', '2026-01-29 15:40:19'),
(48, 'Replicate:Kecamatan', 'web', '2026-01-29 15:40:19', '2026-01-29 15:40:19'),
(49, 'Reorder:Kecamatan', 'web', '2026-01-29 15:40:19', '2026-01-29 15:40:19'),
(50, 'View:Komoditas', 'web', '2026-01-29 15:40:19', '2026-01-29 15:40:19'),
(51, 'Create:Komoditas', 'web', '2026-01-29 15:40:19', '2026-01-29 15:40:19'),
(52, 'Update:Komoditas', 'web', '2026-01-29 15:40:19', '2026-01-29 15:40:19'),
(53, 'Delete:Komoditas', 'web', '2026-01-29 15:40:19', '2026-01-29 15:40:19'),
(54, 'Restore:Komoditas', 'web', '2026-01-29 15:40:19', '2026-01-29 15:40:19'),
(55, 'ForceDelete:Komoditas', 'web', '2026-01-29 15:40:19', '2026-01-29 15:40:19'),
(56, 'ForceDeleteAny:Komoditas', 'web', '2026-01-29 15:40:19', '2026-01-29 15:40:19'),
(57, 'RestoreAny:Komoditas', 'web', '2026-01-29 15:40:19', '2026-01-29 15:40:19'),
(58, 'Replicate:Komoditas', 'web', '2026-01-29 15:40:19', '2026-01-29 15:40:19'),
(59, 'Reorder:Komoditas', 'web', '2026-01-29 15:40:19', '2026-01-29 15:40:19'),
(60, 'Create:Lokasi', 'web', '2026-01-29 15:40:19', '2026-01-29 15:40:19'),
(61, 'Update:Lokasi', 'web', '2026-01-29 15:40:19', '2026-01-29 15:40:19'),
(62, 'Delete:Lokasi', 'web', '2026-01-29 15:40:19', '2026-01-29 15:40:19'),
(63, 'Restore:Lokasi', 'web', '2026-01-29 15:40:19', '2026-01-29 15:40:19'),
(64, 'ForceDelete:Lokasi', 'web', '2026-01-29 15:40:19', '2026-01-29 15:40:19'),
(65, 'ForceDeleteAny:Lokasi', 'web', '2026-01-29 15:40:19', '2026-01-29 15:40:19'),
(66, 'RestoreAny:Lokasi', 'web', '2026-01-29 15:40:19', '2026-01-29 15:40:19'),
(67, 'Replicate:Lokasi', 'web', '2026-01-29 15:40:19', '2026-01-29 15:40:19'),
(68, 'Reorder:Lokasi', 'web', '2026-01-29 15:40:19', '2026-01-29 15:40:19'),
(69, 'Create:Pemilik', 'web', '2026-01-29 15:40:19', '2026-01-29 15:40:19'),
(70, 'Update:Pemilik', 'web', '2026-01-29 15:40:19', '2026-01-29 15:40:19'),
(71, 'Delete:Pemilik', 'web', '2026-01-29 15:40:19', '2026-01-29 15:40:19'),
(72, 'Restore:Pemilik', 'web', '2026-01-29 15:40:19', '2026-01-29 15:40:19'),
(73, 'ForceDelete:Pemilik', 'web', '2026-01-29 15:40:19', '2026-01-29 15:40:19'),
(74, 'ForceDeleteAny:Pemilik', 'web', '2026-01-29 15:40:19', '2026-01-29 15:40:19'),
(75, 'RestoreAny:Pemilik', 'web', '2026-01-29 15:40:19', '2026-01-29 15:40:19'),
(76, 'Replicate:Pemilik', 'web', '2026-01-29 15:40:19', '2026-01-29 15:40:19'),
(77, 'Reorder:Pemilik', 'web', '2026-01-29 15:40:19', '2026-01-29 15:40:19'),
(78, 'ViewAny:Target', 'web', '2026-02-05 22:50:33', '2026-02-05 22:50:33'),
(79, 'Create:Target', 'web', '2026-02-05 22:50:33', '2026-02-05 22:50:33'),
(80, 'Delete:Target', 'web', '2026-02-05 22:50:33', '2026-02-05 22:50:33'),
(81, 'View:Target', 'web', '2026-02-05 22:50:33', '2026-02-05 22:50:33'),
(82, 'Update:Target', 'web', '2026-02-05 22:50:33', '2026-02-05 22:50:33'),
(83, 'View:DataTeknis', 'web', '2026-02-05 22:54:31', '2026-02-05 22:54:31'),
(84, 'Update:DataTeknis', 'web', '2026-02-05 22:54:31', '2026-02-05 22:54:31'),
(85, 'Create:DataTeknis', 'web', '2026-02-05 22:54:31', '2026-02-05 22:54:31'),
(86, 'ViewAny:DataTeknis', 'web', '2026-02-05 22:54:31', '2026-02-05 22:54:31'),
(87, 'View:MasterKegiatanTeknis', 'web', '2026-02-05 22:54:31', '2026-02-05 22:54:31'),
(88, 'View:ObjekProduksi', 'web', '2026-02-05 22:54:31', '2026-02-05 22:54:31'),
(89, 'View:Upt', 'web', '2026-02-05 22:56:56', '2026-02-05 22:56:56'),
(90, 'ViewAny:Upt', 'web', '2026-02-05 22:58:54', '2026-02-05 22:58:54'),
(91, 'ViewAny:MasterKegiatanTeknis', 'web', '2026-02-05 22:59:25', '2026-02-05 22:59:25'),
(92, 'ViewAny:ObjekProduksi', 'web', '2026-02-05 22:59:25', '2026-02-05 22:59:25'),
(93, 'Delete:DataTeknis', 'web', '2026-02-06 17:59:24', '2026-02-06 17:59:24');

-- --------------------------------------------------------

--
-- Struktur dari tabel `roles`
--

CREATE TABLE `roles` (
  `id` bigint(20) UNSIGNED NOT NULL,
  `name` varchar(255) NOT NULL,
  `guard_name` varchar(255) NOT NULL,
  `created_at` timestamp NULL DEFAULT NULL,
  `updated_at` timestamp NULL DEFAULT NULL
) ENGINE=InnoDB DEFAULT CHARSET=utf8mb4 COLLATE=utf8mb4_unicode_ci;

--
-- Dumping data untuk tabel `roles`
--

INSERT INTO `roles` (`id`, `name`, `guard_name`, `created_at`, `updated_at`) VALUES
(1, 'super_admin', 'web', '2026-01-29 04:26:39', '2026-01-29 04:26:39'),
(2, 'kepala_dinas', 'web', '2026-01-29 15:39:23', '2026-01-29 15:39:23'),
(3, 'kepala_bidang', 'web', '2026-01-30 20:03:51', '2026-01-30 20:03:51'),
(4, 'upt', 'web', '2026-01-30 20:04:21', '2026-01-30 20:04:21'),
(5, 'perencanaan', 'web', '2026-02-05 22:50:33', '2026-02-06 00:19:13');

-- --------------------------------------------------------

--
-- Struktur dari tabel `role_has_permissions`
--

CREATE TABLE `role_has_permissions` (
  `permission_id` bigint(20) UNSIGNED NOT NULL,
  `role_id` bigint(20) UNSIGNED NOT NULL
) ENGINE=InnoDB DEFAULT CHARSET=utf8mb4 COLLATE=utf8mb4_unicode_ci;

--
-- Dumping data untuk tabel `role_has_permissions`
--

INSERT INTO `role_has_permissions` (`permission_id`, `role_id`) VALUES
(1, 1),
(2, 1),
(2, 2),
(3, 1),
(4, 1),
(5, 1),
(6, 1),
(7, 1),
(8, 1),
(9, 1),
(10, 1),
(11, 1),
(12, 1),
(12, 2),
(13, 1),
(13, 2),
(13, 3),
(14, 1),
(14, 2),
(15, 1),
(15, 2),
(16, 1),
(16, 2),
(17, 1),
(17, 2),
(18, 1),
(18, 2),
(19, 1),
(19, 2),
(20, 1),
(20, 2),
(20, 4),
(21, 1),
(21, 2),
(22, 1),
(22, 2),
(23, 1),
(24, 1),
(25, 1),
(26, 1),
(27, 1),
(28, 1),
(29, 1),
(30, 1),
(31, 1),
(32, 1),
(33, 1),
(34, 1),
(35, 1),
(36, 1),
(37, 1),
(38, 1),
(39, 1),
(40, 1),
(41, 1),
(42, 1),
(43, 1),
(44, 1),
(45, 1),
(46, 1),
(47, 1),
(48, 1),
(49, 1),
(50, 1),
(50, 2),
(50, 3),
(50, 4),
(51, 1),
(52, 1),
(53, 1),
(54, 1),
(55, 1),
(56, 1),
(57, 1),
(58, 1),
(59, 1),
(60, 1),
(61, 1),
(62, 1),
(63, 1),
(64, 1),
(65, 1),
(66, 1),
(67, 1),
(68, 1),
(69, 1),
(70, 1),
(71, 1),
(72, 1),
(73, 1),
(74, 1),
(75, 1),
(76, 1),
(77, 1),
(78, 2),
(78, 3),
(78, 5),
(79, 5),
(80, 5),
(81, 2),
(81, 3),
(81, 5),
(82, 5),
(83, 2),
(83, 3),
(83, 4),
(84, 4),
(85, 4),
(86, 2),
(86, 3),
(86, 4),
(87, 2),
(87, 4),
(88, 2),
(88, 4),
(89, 2),
(89, 3),
(90, 2),
(91, 2),
(92, 2),
(93, 4);

-- --------------------------------------------------------

--
-- Struktur dari tabel `sessions`
--

CREATE TABLE `sessions` (
  `id` bigint(20) UNSIGNED NOT NULL,
  `created_at` timestamp NULL DEFAULT NULL,
  `updated_at` timestamp NULL DEFAULT NULL
) ENGINE=InnoDB DEFAULT CHARSET=utf8mb4 COLLATE=utf8mb4_unicode_ci;

-- --------------------------------------------------------

--
-- Struktur dari tabel `targets`
--

CREATE TABLE `targets` (
  `id` bigint(20) UNSIGNED NOT NULL,
  `tahun` year(4) NOT NULL,
  `master_bidang_id` bigint(20) UNSIGNED NOT NULL,
  `komoditas_id` bigint(20) UNSIGNED NOT NULL,
  `master_kegiatan_teknis_id` bigint(20) UNSIGNED NOT NULL,
  `target_jumlah` bigint(20) NOT NULL,
  `created_at` timestamp NULL DEFAULT NULL,
  `updated_at` timestamp NULL DEFAULT NULL
) ENGINE=InnoDB DEFAULT CHARSET=utf8mb4 COLLATE=utf8mb4_unicode_ci;

--
-- Dumping data untuk tabel `targets`
--

INSERT INTO `targets` (`id`, `tahun`, `master_bidang_id`, `komoditas_id`, `master_kegiatan_teknis_id`, `target_jumlah`, `created_at`, `updated_at`) VALUES
(1, '2026', 1, 1, 3, 1000, '2026-01-29 17:58:24', '2026-01-29 17:58:24'),
(2, '2025', 4, 6, 2, 3500, '2026-01-31 03:01:17', '2026-01-31 03:01:17'),
(3, '2026', 3, 9, 5, 7000, '2026-02-02 05:04:30', '2026-02-02 05:04:30'),
(4, '2026', 2, 2, 1, 7800, '2026-02-03 00:32:30', '2026-02-03 00:32:30');

-- --------------------------------------------------------

--
-- Struktur dari tabel `unit_layanans`
--

CREATE TABLE `unit_layanans` (
  `id` bigint(20) UNSIGNED NOT NULL,
  `upt_id` bigint(20) UNSIGNED NOT NULL,
  `nama` varchar(255) NOT NULL,
  `keterangan` text DEFAULT NULL,
  `created_at` timestamp NULL DEFAULT NULL,
  `updated_at` timestamp NULL DEFAULT NULL
) ENGINE=InnoDB DEFAULT CHARSET=utf8mb4 COLLATE=utf8mb4_unicode_ci;

--
-- Dumping data untuk tabel `unit_layanans`
--

INSERT INTO `unit_layanans` (`id`, `upt_id`, `nama`, `keterangan`, `created_at`, `updated_at`) VALUES
(1, 5, 'BBI Talun', 'Balai Benih Ikan Talun', '2026-02-06 16:10:29', '2026-02-06 16:10:29'),
(2, 4, 'Puskeswan Wanaraja', 'membawahi ........ kecamatan', '2026-02-06 16:36:35', '2026-02-06 16:36:35');

-- --------------------------------------------------------

--
-- Struktur dari tabel `unit_layanan_kecamatan`
--

CREATE TABLE `unit_layanan_kecamatan` (
  `id` bigint(20) UNSIGNED NOT NULL,
  `unit_layanan_id` bigint(20) UNSIGNED NOT NULL,
  `kecamatan_id` bigint(20) UNSIGNED NOT NULL
) ENGINE=InnoDB DEFAULT CHARSET=utf8mb4 COLLATE=utf8mb4_unicode_ci;

--
-- Dumping data untuk tabel `unit_layanan_kecamatan`
--

INSERT INTO `unit_layanan_kecamatan` (`id`, `unit_layanan_id`, `kecamatan_id`) VALUES
(2, 2, 2),
(1, 2, 3),
(4, 2, 15),
(6, 2, 18),
(3, 2, 19),
(5, 2, 45);

-- --------------------------------------------------------

--
-- Struktur dari tabel `upts`
--

CREATE TABLE `upts` (
  `id` bigint(20) UNSIGNED NOT NULL,
  `nama` varchar(255) NOT NULL,
  `jenis_upt` enum('wilayah','tematis') NOT NULL DEFAULT 'wilayah',
  `jenis` varchar(255) DEFAULT NULL,
  `created_at` timestamp NULL DEFAULT NULL,
  `updated_at` timestamp NULL DEFAULT NULL,
  `bidang_id` bigint(20) UNSIGNED DEFAULT NULL
) ENGINE=InnoDB DEFAULT CHARSET=utf8mb4 COLLATE=utf8mb4_unicode_ci;

--
-- Dumping data untuk tabel `upts`
--

INSERT INTO `upts` (`id`, `nama`, `jenis_upt`, `jenis`, `created_at`, `updated_at`, `bidang_id`) VALUES
(1, 'UPT Wilayah 1', 'wilayah', 'wilayah', NULL, '2026-01-29 19:21:28', 1),
(2, 'UPT Wilayah 2', 'wilayah', 'wilayah', NULL, NULL, NULL),
(3, 'UPT RPH', 'wilayah', 'tematik', '2026-02-02 11:54:18', '2026-02-02 11:54:18', 3),
(4, 'UPT puskeswan', 'wilayah', 'tematis', '2026-01-30 23:51:39', '2026-02-02 05:22:41', NULL),
(5, 'UPT BBI', 'wilayah', 'tematis', '2026-02-02 05:19:35', '2026-02-02 05:19:35', NULL),
(6, 'UPT TPI', 'wilayah', 'tematis', '2026-02-02 05:20:13', '2026-02-02 05:20:13', NULL),
(7, 'UPT Wilayah 3', 'wilayah', 'wilayah', '2026-02-02 05:20:30', '2026-02-02 05:20:30', NULL),
(8, 'UPT Pasar Hewan', 'wilayah', 'tematis', '2026-02-02 05:21:12', '2026-02-02 05:21:12', NULL),
(9, 'UPT Wilayah 4', 'wilayah', 'wilayah', '2026-02-02 05:21:26', '2026-02-02 05:21:26', NULL),
(10, 'UPT Wilayah 5', 'wilayah', 'wilayah', '2026-02-02 05:21:43', '2026-02-02 05:21:43', NULL),
(11, 'UPT Wilayah 6', 'wilayah', 'wilayah', '2026-02-02 05:21:53', '2026-02-02 05:21:53', NULL),
(12, 'UPT Wilayah 7', 'wilayah', 'wilayah', '2026-02-02 05:22:04', '2026-02-02 05:22:04', NULL),
(13, 'UPT Wilayah 8', 'wilayah', 'wilayah', '2026-02-02 05:22:13', '2026-02-02 05:22:13', NULL);

-- --------------------------------------------------------

--
-- Struktur dari tabel `users`
--

CREATE TABLE `users` (
  `id` bigint(20) UNSIGNED NOT NULL,
  `upt_id` bigint(20) UNSIGNED DEFAULT NULL,
  `bidang_id` bigint(20) UNSIGNED DEFAULT NULL,
  `name` varchar(255) NOT NULL,
  `email` varchar(255) NOT NULL,
  `email_verified_at` timestamp NULL DEFAULT NULL,
  `password` varchar(255) NOT NULL,
  `remember_token` varchar(100) DEFAULT NULL,
  `created_at` timestamp NULL DEFAULT NULL,
  `updated_at` timestamp NULL DEFAULT NULL
) ENGINE=InnoDB DEFAULT CHARSET=utf8mb4 COLLATE=utf8mb4_unicode_ci;

--
-- Dumping data untuk tabel `users`
--

INSERT INTO `users` (`id`, `upt_id`, `bidang_id`, `name`, `email`, `email_verified_at`, `password`, `remember_token`, `created_at`, `updated_at`) VALUES
(1, NULL, NULL, 'Test User', 'test@example.com', '2026-01-29 03:20:26', '$2y$12$NT/FC0V3Q3shOwdCCcrSDuij/banQkV5vjTYtwSdRoWMBNbrcCNC2', '6Hv2RiK435', '2026-01-29 03:20:27', '2026-01-29 03:20:27'),
(2, NULL, NULL, 'Super Admin', 'super_admin@gmail.com', NULL, '$2y$12$snGPpCha.Ub7SAiGVKINCu3z0mCV6YgPfbK26MVoSI4/ThU.dqzH6', NULL, '2026-01-29 04:20:35', '2026-01-29 04:20:35'),
(3, NULL, NULL, 'Kepala Dinas', 'kadis@email.com', NULL, '$2y$12$yo./6h42qTanivLNrEGVc.tdtprNvDVI902SFqfBj8NA6t4DcDp5C', NULL, '2026-01-30 20:03:23', '2026-01-30 20:03:23'),
(4, NULL, NULL, 'Kepala Bidang', 'kabid@email.com', NULL, '$2y$12$iROeCjo3JkbnGMfdJ7akJ.B0gYq4Ly7C5cm8HZoWpZ2gJSHXQIWAi', NULL, '2026-01-30 20:05:32', '2026-01-30 20:05:32'),
(5, NULL, NULL, 'upt', 'upt@email.com', NULL, '$2y$12$rVKmNTRJ3C7iqNgOuzTfDe.UchMWvx5hQ0ljIA5qkSq32DneMNcsq', NULL, '2026-01-30 20:08:35', '2026-01-30 20:08:35'),
(6, 1, NULL, 'Upt Wilayah 1', 'upt1@email.com', NULL, '$2y$12$84Pzz2Dp23Bg2Vv4PMMNO.x6af1OvkL5QK.OrgO0o.uGeC33lgJSK', NULL, '2026-02-02 18:22:39', '2026-02-02 18:22:39'),
(7, 2, NULL, 'Upt Wilayah 2', 'upt2@email.com', NULL, '$2y$12$VAF1NmKLN3aE2.YCMOD6XeEI7PLdVW4yosPiXUpt7EsHMLe4S6hdO', NULL, '2026-02-03 03:17:57', '2026-02-03 03:17:57'),
(8, NULL, 1, 'Kepala Bidang Peternakan', 'kabidpeternakan@email.com', NULL, '$2y$12$1rrUtgdVPMONaK4OCvknh.vMXO59FdWabDlWOVNj79rW4qIWFLqJ2', NULL, '2026-02-03 03:22:24', '2026-02-03 03:22:24'),
(9, NULL, NULL, 'perencanaan', 'perencanaan@email.com', NULL, '$2y$12$QxSbHNAVD/g3GvcFgRjjROiQt3ZWdrW3rd5bKfFGOI6J5IxEA3udi', NULL, '2026-02-05 23:44:43', '2026-02-05 23:44:43'),
(10, 7, NULL, 'Upt Wilayah 3', 'upt3@email.com', NULL, '$2y$12$2JMqEyZFVKIWtDa7d2/0n.KMwxnRwlncKpgvoueHlO1K8XQxTAWNm', NULL, '2026-02-06 00:13:08', '2026-02-06 00:13:08'),
(11, 4, NULL, 'UPT Pukseswan', 'uptpuskeswan@email.com', NULL, '$2y$12$woN7Gujr5eTUUlcMw7aL6ezicLr8xp0yxncJpVjWMKxNY9Mr7Ge2W', NULL, '2026-02-06 17:16:51', '2026-02-06 17:16:51'),
(12, NULL, 4, 'Kepala Bidang Kesehatan Hewan', 'kabidkeswan@email.com', NULL, '$2y$12$T6LKx/HjHQL0Ta1KSzQJ3OwkjJwBf7k/BTlR9HfziaCov1saQ05Ky', NULL, '2026-02-06 20:30:11', '2026-02-06 20:30:11');

--
-- Indexes for dumped tables
--

--
-- Indeks untuk tabel `cache`
--
ALTER TABLE `cache`
  ADD PRIMARY KEY (`key`),
  ADD KEY `cache_expiration_index` (`expiration`);

--
-- Indeks untuk tabel `cache_locks`
--
ALTER TABLE `cache_locks`
  ADD PRIMARY KEY (`key`),
  ADD KEY `cache_locks_expiration_index` (`expiration`);

--
-- Indeks untuk tabel `data_teknis`
--
ALTER TABLE `data_teknis`
  ADD PRIMARY KEY (`id`),
  ADD KEY `data_teknis_objek_produksi_id_foreign` (`objek_produksi_id`),
  ADD KEY `data_teknis_kegiatan_id_foreign` (`kegiatan_id`),
  ADD KEY `data_teknis_upt_id_foreign` (`upt_id`);

--
-- Indeks untuk tabel `desas`
--
ALTER TABLE `desas`
  ADD PRIMARY KEY (`id`),
  ADD KEY `desas_kecamatan_id_foreign` (`kecamatan_id`);

--
-- Indeks untuk tabel `jenis_ternaks`
--
ALTER TABLE `jenis_ternaks`
  ADD PRIMARY KEY (`id`);

--
-- Indeks untuk tabel `kecamatans`
--
ALTER TABLE `kecamatans`
  ADD PRIMARY KEY (`id`);

--
-- Indeks untuk tabel `komoditas`
--
ALTER TABLE `komoditas`
  ADD PRIMARY KEY (`id`),
  ADD UNIQUE KEY `komoditas_kode_unique` (`kode`),
  ADD KEY `komoditas_master_bidang_id_foreign` (`master_bidang_id`);

--
-- Indeks untuk tabel `lokasis`
--
ALTER TABLE `lokasis`
  ADD PRIMARY KEY (`id`),
  ADD KEY `lokasis_desa_id_foreign` (`desa_id`);

--
-- Indeks untuk tabel `master_bidang`
--
ALTER TABLE `master_bidang`
  ADD PRIMARY KEY (`id`);

--
-- Indeks untuk tabel `master_kegiatan_teknis`
--
ALTER TABLE `master_kegiatan_teknis`
  ADD PRIMARY KEY (`id`),
  ADD KEY `master_kegiatan_teknis_bidang_id_foreign` (`bidang_id`);

--
-- Indeks untuk tabel `migrations`
--
ALTER TABLE `migrations`
  ADD PRIMARY KEY (`id`);

--
-- Indeks untuk tabel `model_has_permissions`
--
ALTER TABLE `model_has_permissions`
  ADD PRIMARY KEY (`permission_id`,`model_id`,`model_type`),
  ADD KEY `model_has_permissions_model_id_model_type_index` (`model_id`,`model_type`);

--
-- Indeks untuk tabel `model_has_roles`
--
ALTER TABLE `model_has_roles`
  ADD PRIMARY KEY (`role_id`,`model_id`,`model_type`),
  ADD KEY `model_has_roles_model_id_model_type_index` (`model_id`,`model_type`);

--
-- Indeks untuk tabel `objek_produksis`
--
ALTER TABLE `objek_produksis`
  ADD PRIMARY KEY (`id`),
  ADD KEY `objek_produksis_pemilik_id_foreign` (`pemilik_id`),
  ADD KEY `objek_produksis_komoditas_id_foreign` (`komoditas_id`),
  ADD KEY `objek_produksis_upt_id_foreign` (`upt_id`),
  ADD KEY `objek_produksis_unit_layanan_id_foreign` (`unit_layanan_id`);

--
-- Indeks untuk tabel `password_reset_tokens`
--
ALTER TABLE `password_reset_tokens`
  ADD PRIMARY KEY (`id`);

--
-- Indeks untuk tabel `pemiliks`
--
ALTER TABLE `pemiliks`
  ADD PRIMARY KEY (`id`);

--
-- Indeks untuk tabel `permissions`
--
ALTER TABLE `permissions`
  ADD PRIMARY KEY (`id`),
  ADD UNIQUE KEY `permissions_name_guard_name_unique` (`name`,`guard_name`);

--
-- Indeks untuk tabel `roles`
--
ALTER TABLE `roles`
  ADD PRIMARY KEY (`id`),
  ADD UNIQUE KEY `roles_name_guard_name_unique` (`name`,`guard_name`);

--
-- Indeks untuk tabel `role_has_permissions`
--
ALTER TABLE `role_has_permissions`
  ADD PRIMARY KEY (`permission_id`,`role_id`),
  ADD KEY `role_has_permissions_role_id_foreign` (`role_id`);

--
-- Indeks untuk tabel `sessions`
--
ALTER TABLE `sessions`
  ADD PRIMARY KEY (`id`);

--
-- Indeks untuk tabel `targets`
--
ALTER TABLE `targets`
  ADD PRIMARY KEY (`id`),
  ADD UNIQUE KEY `targets_tahun_master_bidang_id_komoditas_id_unique` (`tahun`,`master_bidang_id`,`komoditas_id`),
  ADD KEY `targets_master_bidang_id_foreign` (`master_bidang_id`),
  ADD KEY `targets_komoditas_id_foreign` (`komoditas_id`),
  ADD KEY `targets_master_kegiatan_teknis_id_foreign` (`master_kegiatan_teknis_id`);

--
-- Indeks untuk tabel `unit_layanans`
--
ALTER TABLE `unit_layanans`
  ADD PRIMARY KEY (`id`),
  ADD KEY `unit_layanans_upt_id_foreign` (`upt_id`);

--
-- Indeks untuk tabel `unit_layanan_kecamatan`
--
ALTER TABLE `unit_layanan_kecamatan`
  ADD PRIMARY KEY (`id`),
  ADD UNIQUE KEY `unit_layanan_kecamatan_unit_layanan_id_kecamatan_id_unique` (`unit_layanan_id`,`kecamatan_id`),
  ADD KEY `unit_layanan_kecamatan_kecamatan_id_foreign` (`kecamatan_id`);

--
-- Indeks untuk tabel `upts`
--
ALTER TABLE `upts`
  ADD PRIMARY KEY (`id`);

--
-- Indeks untuk tabel `users`
--
ALTER TABLE `users`
  ADD PRIMARY KEY (`id`),
  ADD UNIQUE KEY `users_email_unique` (`email`),
  ADD KEY `users_upt_id_foreign` (`upt_id`),
  ADD KEY `users_bidang_id_foreign` (`bidang_id`);

--
-- AUTO_INCREMENT untuk tabel yang dibuang
--

--
-- AUTO_INCREMENT untuk tabel `data_teknis`
--
ALTER TABLE `data_teknis`
  MODIFY `id` bigint(20) UNSIGNED NOT NULL AUTO_INCREMENT;

--
-- AUTO_INCREMENT untuk tabel `desas`
--
ALTER TABLE `desas`
  MODIFY `id` bigint(20) UNSIGNED NOT NULL AUTO_INCREMENT, AUTO_INCREMENT=443;

--
-- AUTO_INCREMENT untuk tabel `jenis_ternaks`
--
ALTER TABLE `jenis_ternaks`
  MODIFY `id` bigint(20) UNSIGNED NOT NULL AUTO_INCREMENT;

--
-- AUTO_INCREMENT untuk tabel `kecamatans`
--
ALTER TABLE `kecamatans`
  MODIFY `id` bigint(20) UNSIGNED NOT NULL AUTO_INCREMENT, AUTO_INCREMENT=46;

--
-- AUTO_INCREMENT untuk tabel `komoditas`
--
ALTER TABLE `komoditas`
  MODIFY `id` bigint(20) UNSIGNED NOT NULL AUTO_INCREMENT;

--
-- AUTO_INCREMENT untuk tabel `lokasis`
--
ALTER TABLE `lokasis`
  MODIFY `id` bigint(20) UNSIGNED NOT NULL AUTO_INCREMENT, AUTO_INCREMENT=2;

--
-- AUTO_INCREMENT untuk tabel `master_bidang`
--
ALTER TABLE `master_bidang`
  MODIFY `id` bigint(20) UNSIGNED NOT NULL AUTO_INCREMENT, AUTO_INCREMENT=7;

--
-- AUTO_INCREMENT untuk tabel `master_kegiatan_teknis`
--
ALTER TABLE `master_kegiatan_teknis`
  MODIFY `id` bigint(20) UNSIGNED NOT NULL AUTO_INCREMENT, AUTO_INCREMENT=7;

--
-- AUTO_INCREMENT untuk tabel `migrations`
--
ALTER TABLE `migrations`
  MODIFY `id` int(10) UNSIGNED NOT NULL AUTO_INCREMENT, AUTO_INCREMENT=36;

--
-- AUTO_INCREMENT untuk tabel `objek_produksis`
--
ALTER TABLE `objek_produksis`
  MODIFY `id` bigint(20) UNSIGNED NOT NULL AUTO_INCREMENT;

--
-- AUTO_INCREMENT untuk tabel `password_reset_tokens`
--
ALTER TABLE `password_reset_tokens`
  MODIFY `id` bigint(20) UNSIGNED NOT NULL AUTO_INCREMENT;

--
-- AUTO_INCREMENT untuk tabel `pemiliks`
--
ALTER TABLE `pemiliks`
  MODIFY `id` bigint(20) UNSIGNED NOT NULL AUTO_INCREMENT, AUTO_INCREMENT=22;

--
-- AUTO_INCREMENT untuk tabel `permissions`
--
ALTER TABLE `permissions`
  MODIFY `id` bigint(20) UNSIGNED NOT NULL AUTO_INCREMENT, AUTO_INCREMENT=94;

--
-- AUTO_INCREMENT untuk tabel `roles`
--
ALTER TABLE `roles`
  MODIFY `id` bigint(20) UNSIGNED NOT NULL AUTO_INCREMENT, AUTO_INCREMENT=6;

--
-- AUTO_INCREMENT untuk tabel `sessions`
--
ALTER TABLE `sessions`
  MODIFY `id` bigint(20) UNSIGNED NOT NULL AUTO_INCREMENT;

--
-- AUTO_INCREMENT untuk tabel `targets`
--
ALTER TABLE `targets`
  MODIFY `id` bigint(20) UNSIGNED NOT NULL AUTO_INCREMENT, AUTO_INCREMENT=5;

--
-- AUTO_INCREMENT untuk tabel `unit_layanans`
--
ALTER TABLE `unit_layanans`
  MODIFY `id` bigint(20) UNSIGNED NOT NULL AUTO_INCREMENT, AUTO_INCREMENT=3;

--
-- AUTO_INCREMENT untuk tabel `unit_layanan_kecamatan`
--
ALTER TABLE `unit_layanan_kecamatan`
  MODIFY `id` bigint(20) UNSIGNED NOT NULL AUTO_INCREMENT, AUTO_INCREMENT=7;

--
-- AUTO_INCREMENT untuk tabel `upts`
--
ALTER TABLE `upts`
  MODIFY `id` bigint(20) UNSIGNED NOT NULL AUTO_INCREMENT, AUTO_INCREMENT=14;

--
-- AUTO_INCREMENT untuk tabel `users`
--
ALTER TABLE `users`
  MODIFY `id` bigint(20) UNSIGNED NOT NULL AUTO_INCREMENT, AUTO_INCREMENT=13;

--
-- Ketidakleluasaan untuk tabel pelimpahan (Dumped Tables)
--

--
-- Ketidakleluasaan untuk tabel `data_teknis`
--
ALTER TABLE `data_teknis`
  ADD CONSTRAINT `data_teknis_kegiatan_id_foreign` FOREIGN KEY (`kegiatan_id`) REFERENCES `master_kegiatan_teknis` (`id`),
  ADD CONSTRAINT `data_teknis_objek_produksi_id_foreign` FOREIGN KEY (`objek_produksi_id`) REFERENCES `objek_produksis` (`id`) ON DELETE CASCADE,
  ADD CONSTRAINT `data_teknis_upt_id_foreign` FOREIGN KEY (`upt_id`) REFERENCES `upts` (`id`) ON DELETE SET NULL;

--
-- Ketidakleluasaan untuk tabel `desas`
--
ALTER TABLE `desas`
  ADD CONSTRAINT `desas_kecamatan_id_foreign` FOREIGN KEY (`kecamatan_id`) REFERENCES `kecamatans` (`id`) ON DELETE CASCADE;

--
-- Ketidakleluasaan untuk tabel `komoditas`
--
ALTER TABLE `komoditas`
  ADD CONSTRAINT `komoditas_master_bidang_id_foreign` FOREIGN KEY (`master_bidang_id`) REFERENCES `master_bidang` (`id`) ON DELETE CASCADE;

--
-- Ketidakleluasaan untuk tabel `lokasis`
--
ALTER TABLE `lokasis`
  ADD CONSTRAINT `lokasis_desa_id_foreign` FOREIGN KEY (`desa_id`) REFERENCES `desas` (`id`) ON DELETE CASCADE;

--
-- Ketidakleluasaan untuk tabel `master_kegiatan_teknis`
--
ALTER TABLE `master_kegiatan_teknis`
  ADD CONSTRAINT `master_kegiatan_teknis_bidang_id_foreign` FOREIGN KEY (`bidang_id`) REFERENCES `master_bidang` (`id`) ON DELETE SET NULL;

--
-- Ketidakleluasaan untuk tabel `model_has_permissions`
--
ALTER TABLE `model_has_permissions`
  ADD CONSTRAINT `model_has_permissions_permission_id_foreign` FOREIGN KEY (`permission_id`) REFERENCES `permissions` (`id`) ON DELETE CASCADE;

--
-- Ketidakleluasaan untuk tabel `model_has_roles`
--
ALTER TABLE `model_has_roles`
  ADD CONSTRAINT `model_has_roles_role_id_foreign` FOREIGN KEY (`role_id`) REFERENCES `roles` (`id`) ON DELETE CASCADE;

--
-- Ketidakleluasaan untuk tabel `objek_produksis`
--
ALTER TABLE `objek_produksis`
  ADD CONSTRAINT `objek_produksis_komoditas_id_foreign` FOREIGN KEY (`komoditas_id`) REFERENCES `komoditas` (`id`) ON DELETE CASCADE,
  ADD CONSTRAINT `objek_produksis_pemilik_id_foreign` FOREIGN KEY (`pemilik_id`) REFERENCES `pemiliks` (`id`) ON DELETE CASCADE,
  ADD CONSTRAINT `objek_produksis_unit_layanan_id_foreign` FOREIGN KEY (`unit_layanan_id`) REFERENCES `unit_layanans` (`id`) ON DELETE SET NULL,
  ADD CONSTRAINT `objek_produksis_upt_id_foreign` FOREIGN KEY (`upt_id`) REFERENCES `upts` (`id`) ON DELETE SET NULL;

--
-- Ketidakleluasaan untuk tabel `role_has_permissions`
--
ALTER TABLE `role_has_permissions`
  ADD CONSTRAINT `role_has_permissions_permission_id_foreign` FOREIGN KEY (`permission_id`) REFERENCES `permissions` (`id`) ON DELETE CASCADE,
  ADD CONSTRAINT `role_has_permissions_role_id_foreign` FOREIGN KEY (`role_id`) REFERENCES `roles` (`id`) ON DELETE CASCADE;

--
-- Ketidakleluasaan untuk tabel `targets`
--
ALTER TABLE `targets`
  ADD CONSTRAINT `targets_komoditas_id_foreign` FOREIGN KEY (`komoditas_id`) REFERENCES `komoditas` (`id`) ON DELETE CASCADE,
  ADD CONSTRAINT `targets_master_bidang_id_foreign` FOREIGN KEY (`master_bidang_id`) REFERENCES `master_bidang` (`id`) ON DELETE CASCADE,
  ADD CONSTRAINT `targets_master_kegiatan_teknis_id_foreign` FOREIGN KEY (`master_kegiatan_teknis_id`) REFERENCES `master_kegiatan_teknis` (`id`) ON DELETE CASCADE;

--
-- Ketidakleluasaan untuk tabel `unit_layanans`
--
ALTER TABLE `unit_layanans`
  ADD CONSTRAINT `unit_layanans_upt_id_foreign` FOREIGN KEY (`upt_id`) REFERENCES `upts` (`id`) ON DELETE CASCADE;

--
-- Ketidakleluasaan untuk tabel `unit_layanan_kecamatan`
--
ALTER TABLE `unit_layanan_kecamatan`
  ADD CONSTRAINT `unit_layanan_kecamatan_kecamatan_id_foreign` FOREIGN KEY (`kecamatan_id`) REFERENCES `kecamatans` (`id`) ON DELETE CASCADE,
  ADD CONSTRAINT `unit_layanan_kecamatan_unit_layanan_id_foreign` FOREIGN KEY (`unit_layanan_id`) REFERENCES `unit_layanans` (`id`) ON DELETE CASCADE;

--
-- Ketidakleluasaan untuk tabel `users`
--
ALTER TABLE `users`
  ADD CONSTRAINT `users_bidang_id_foreign` FOREIGN KEY (`bidang_id`) REFERENCES `master_bidang` (`id`) ON DELETE SET NULL,
  ADD CONSTRAINT `users_upt_id_foreign` FOREIGN KEY (`upt_id`) REFERENCES `upts` (`id`);
COMMIT;

/*!40101 SET CHARACTER_SET_CLIENT=@OLD_CHARACTER_SET_CLIENT */;
/*!40101 SET CHARACTER_SET_RESULTS=@OLD_CHARACTER_SET_RESULTS */;
/*!40101 SET COLLATION_CONNECTION=@OLD_COLLATION_CONNECTION */;
